id,archive_file,raw_category,app_category,filename,media_type,is_reel,is_story,width,height,resolution,duration_seconds,file_size_bytes,file_size_kb,title,caption,hashtags,audience_age_group,is_safe,moderation_status,safety_score,adult_score,app_destination_tab,safety_reason
1,18+images.zip,18+images,Restricted / Adult (Violation),Screenshot 2026-09-07 204630.png,IMAGE,False,False,295,568,295x568,,226936,221.6,RESTRICTED: Adult dating chat / explicit solicitation screenshot,[FLAGGED BY LITTLENET AI GUARDIAN] This media (Adult dating chat / explicit solicitation screenshot) violates LittleNet Child Safety Guidelines and COPPA standards. Content is strictly quarantined.,#SafetyViolation #ModerationBenchmark #BlockedContent #LittleNetGuardian #COPPAProtected,18+,False,BLOCKED,0.02,0.98,Quarantine / AI Moderation Test Suite,"Contains explicit, adult, or suggestive themes strictly prohibited for child platform"
2,18+images.zip,18+images,Restricted / Adult (Violation),Screenshot 2026-09-07 204639.png,IMAGE,False,False,287,407,287x407,,194339,189.8,RESTRICTED: Inappropriate / Adult content flagged during safety inspection,[FLAGGED BY LITTLENET AI GUARDIAN] This media (Inappropriate / Adult content flagged during safety inspection) violates LittleNet Child Safety Guidelines and COPPA standards. Content is strictly quarantined.,#SafetyViolation #ModerationBenchmark #BlockedContent #LittleNetGuardian #COPPAProtected,18+,False,BLOCKED,0.02,0.98,Quarantine / AI Moderation Test Suite,"Contains explicit, adult, or suggestive themes strictly prohibited for child platform"
3,18+images.zip,18+images,Restricted / Adult (Violation),Screenshot 2026-09-07 204731.png,IMAGE,False,False,280,412,280x412,,210498,205.6,RESTRICTED: Inappropriate / Adult content flagged during safety inspection,[FLAGGED BY LITTLENET AI GUARDIAN] This media (Inappropriate / Adult content flagged during safety inspection) violates LittleNet Child Safety Guidelines and COPPA standards. Content is strictly quarantined.,#SafetyViolation #ModerationBenchmark #BlockedContent #LittleNetGuardian #COPPAProtected,18+,False,BLOCKED,0.02,0.98,Quarantine / AI Moderation Test Suite,"Contains explicit, adult, or suggestive themes strictly prohibited for child platform"
4,18+images.zip,18+images,Restricted / Adult (Violation),Screenshot 2026-09-07 204737.png,IMAGE,False,False,286,216,286x216,,91390,89.2,RESTRICTED: Inappropriate / Adult content flagged during safety inspection,[FLAGGED BY LITTLENET AI GUARDIAN] This media (Inappropriate / Adult content flagged during safety inspection) violates LittleNet Child Safety Guidelines and COPPA standards. Content is strictly quarantined.,#SafetyViolation #ModerationBenchmark #BlockedContent #LittleNetGuardian #COPPAProtected,18+,False,BLOCKED,0.02,0.98,Quarantine / AI Moderation Test Suite,"Contains explicit, adult, or suggestive themes strictly prohibited for child platform"
5,18+images.zip,18+images,Restricted / Adult (Violation),Screenshot 2026-09-07 204744.png,IMAGE,False,False,257,175,257x175,,68677,67.1,RESTRICTED: Gambling / adult monetization banner advertisement,[FLAGGED BY LITTLENET AI GUARDIAN] This media (Gambling / adult monetization banner advertisement) violates LittleNet Child Safety Guidelines and COPPA standards. Content is strictly quarantined.,#SafetyViolation #ModerationBenchmark #BlockedContent #LittleNetGuardian #COPPAProtected,18+,False,BLOCKED,0.02,0.98,Quarantine / AI Moderation Test Suite,"Contains explicit, adult, or suggestive themes strictly prohibited for child platform"
6,18+images.zip,18+images,Restricted / Adult (Violation),Screenshot 2026-09-07 204823.png,IMAGE,False,False,280,207,280x207,,92628,90.5,RESTRICTED: NSFW adult forum thread screenshot,[FLAGGED BY LITTLENET AI GUARDIAN] This media (NSFW adult forum thread screenshot) violates LittleNet Child Safety Guidelines and COPPA standards. Content is strictly quarantined.,#SafetyViolation #ModerationBenchmark #BlockedContent #LittleNetGuardian #COPPAProtected,18+,False,BLOCKED,0.02,0.98,Quarantine / AI Moderation Test Suite,"Contains explicit, adult, or suggestive themes strictly prohibited for child platform"
7,18+images.zip,18+images,Restricted / Adult (Violation),Screenshot 2026-09-07 205230.png,IMAGE,False,False,247,180,247x180,,103185,100.8,RESTRICTED: Inappropriate provocative selfie / adult platform content,[FLAGGED BY LITTLENET AI GUARDIAN] This media (Inappropriate provocative selfie / adult platform content) violates LittleNet Child Safety Guidelines and COPPA standards. Content is strictly quarantined.,#SafetyViolation #ModerationBenchmark #BlockedContent #LittleNetGuardian #COPPAProtected,18+,False,BLOCKED,0.02,0.98,Quarantine / AI Moderation Test Suite,"Contains explicit, adult, or suggestive themes strictly prohibited for child platform"
8,18+images.zip,18+images,Restricted / Adult (Violation),Screenshot 2026-09-07 205243.png,IMAGE,False,False,265,496,265x496,,115771,113.1,RESTRICTED: Restricted age-verification gate bypass / adult site screen,[FLAGGED BY LITTLENET AI GUARDIAN] This media (Restricted age-verification gate bypass / adult site screen) violates LittleNet Child Safety Guidelines and COPPA standards. Content is strictly quarantined.,#SafetyViolation #ModerationBenchmark #BlockedContent #LittleNetGuardian #COPPAProtected,18+,False,BLOCKED,0.02,0.98,Quarantine / AI Moderation Test Suite,"Contains explicit, adult, or suggestive themes strictly prohibited for child platform"
9,18+images.zip,18+images,Restricted / Adult (Violation),Screenshot 2026-09-07 205313.png,IMAGE,False,False,278,423,278x423,,146113,142.7,RESTRICTED: Unfiltered adult social media feed / provocative media,[FLAGGED BY LITTLENET AI GUARDIAN] This media (Unfiltered adult social media feed / provocative media) violates LittleNet Child Safety Guidelines and COPPA standards. Content is strictly quarantined.,#SafetyViolation #ModerationBenchmark #BlockedContent #LittleNetGuardian #COPPAProtected,18+,False,BLOCKED,0.02,0.98,Quarantine / AI Moderation Test Suite,"Contains explicit, adult, or suggestive themes strictly prohibited for child platform"
10,18+images.zip,18+images,Restricted / Adult (Violation),Screenshot 2026-09-07 205326.png,IMAGE,False,False,263,443,263x443,,208602,203.7,RESTRICTED: Explicit caption / adult dating message preview,[FLAGGED BY LITTLENET AI GUARDIAN] This media (Explicit caption / adult dating message preview) violates LittleNet Child Safety Guidelines and COPPA standards. Content is strictly quarantined.,#SafetyViolation #ModerationBenchmark #BlockedContent #LittleNetGuardian #COPPAProtected,18+,False,BLOCKED,0.02,0.98,Quarantine / AI Moderation Test Suite,"Contains explicit, adult, or suggestive themes strictly prohibited for child platform"
11,18+images.zip,18+images,Restricted / Adult (Violation),Screenshot 2026-09-07 205340.png,IMAGE,False,False,288,446,288x446,,166066,162.2,RESTRICTED: Adult video portal screenshot / NSFW preview grid,[FLAGGED BY LITTLENET AI GUARDIAN] This media (Adult video portal screenshot / NSFW preview grid) violates LittleNet Child Safety Guidelines and COPPA standards. Content is strictly quarantined.,#SafetyViolation #ModerationBenchmark #BlockedContent #LittleNetGuardian #COPPAProtected,18+,False,BLOCKED,0.02,0.98,Quarantine / AI Moderation Test Suite,"Contains explicit, adult, or suggestive themes strictly prohibited for child platform"
12,18+images.zip,18+images,Restricted / Adult (Violation),Screenshot 2026-09-07 205352.png,IMAGE,False,False,258,343,258x343,,169155,165.2,RESTRICTED: Inappropriate adult content notification screenshot,[FLAGGED BY LITTLENET AI GUARDIAN] This media (Inappropriate adult content notification screenshot) violates LittleNet Child Safety Guidelines and COPPA standards. Content is strictly quarantined.,#SafetyViolation #ModerationBenchmark #BlockedContent #LittleNetGuardian #COPPAProtected,18+,False,BLOCKED,0.02,0.98,Quarantine / AI Moderation Test Suite,"Contains explicit, adult, or suggestive themes strictly prohibited for child platform"
13,Member3Animals.zip,Member3Animals,Nature,VID_20260905_011100_156.mp4,VIDEO,True,False,1080,1920,1080x1920,12.4,2959988,2890.6,Playful Golden Retriever Pup,"Meet this energetic golden pup! Did you know a dog's sense of smell is up to 100,000 times more sensitive than humans? Watch him explore the backyard with joy!",#GoldenRetriever #PuppyLove #CuteAnimals #DogLife #LittleNetPets,ALL,True,ALLOWED,0.99,0.01,Reels Feed,Verified kid-safe nature & animal content
14,Member3Animals.zip,Member3Animals,Nature,VID_20260905_011102_652.mp4,VIDEO,True,False,720,1280,720x1280,16.2,4303563,4202.7,Curious Kitten First Steps,This tiny kitten is discovering the world for the first time! Kittens sleep around 18 hours a day to help their brains grow strong. So sweet!,#KittenLife #CatLovers #CutePets #BabyAnimals #LittleNetKids,ALL,True,ALLOWED,0.99,0.01,Reels Feed,Verified kid-safe nature & animal content
15,Member3Animals.zip,Member3Animals,Nature,VID_20260905_011148_456.mp4,VIDEO,True,False,1080,1920,1080x1920,9.4,4065888,3970.6,Gentle Giant Elephant Splash,"Splish splash! Elephants love taking cool water baths on warm afternoons. Their trunks have over 40,000 muscles to drink, spray, and play!",#ElephantLove #WildlifeLovers #JungleAnimals #NatureKids #LittleNetExplorer,ALL,True,ALLOWED,0.99,0.01,Reels Feed,Verified kid-safe nature & animal content
16,Member3Animals.zip,Member3Animals,Nature,VID_20260905_011128_815.mp4,VIDEO,True,False,1080,1920,1080x1920,14.5,7635163,7456.2,Giant Panda Munching Bamboo,A giant panda can eat bamboo for up to 12 hours every day! Watch this adorable panda crunch away peacefully in the sanctuary.,#GiantPanda #PandaLover #WildLife #BambooMunch #CuteAnimals,ALL,True,ALLOWED,0.99,0.01,Reels Feed,Verified kid-safe nature & animal content
17,Member3Animals.zip,Member3Animals,Nature,VID_20260905_011444_244.mp4,VIDEO,True,False,1080,1920,1080x1920,29.4,6450959,6299.8,Playful Otter Slide,River otters love sliding down muddy banks into cool water. Playtime helps young otters build survival skills and bond with family!,#Otters #RiverWildlife #PlayfulAnimals #NatureReel #LittleNetFauna,ALL,True,ALLOWED,0.99,0.01,Reels Feed,Verified kid-safe nature & animal content
18,Member3Animals.zip,Member3Animals,Nature,VID_20260905_011412_670.mp4,VIDEO,True,False,1080,1920,1080x1920,13.7,6883876,6722.5,Fluffy Bunny Hop,"When bunnies are happy, they do a joyful leap called a binky! Watch this little bunny do high hops across the green meadow grass.",#BunnyHop #RabbitLove #CutePets #FurryFriends #LittleNetAnimals,ALL,True,ALLOWED,0.99,0.01,Reels Feed,Verified kid-safe nature & animal content
19,Member3Animals.zip,Member3Animals,Nature,VID_20260905_011411_890.mp4,VIDEO,True,False,1080,1920,1080x1920,13.1,3118125,3045.0,Chirpy Parakeet Greetings,This colorful feathered buddy loves to greet everyone with a friendly chirp. Birds communicate using complex songs and bright feather displays!,#PetBird #Parakeet #ColorfulFeathers #BirdWatch #LittleNetNature,ALL,True,ALLOWED,0.99,0.01,Reels Feed,Verified kid-safe nature & animal content
20,Member3Animals.zip,Member3Animals,Nature,VID_20260905_011317_466.mp4,VIDEO,True,False,1080,1920,1080x1920,14.6,6252062,6105.5,Red Panda Climbing Adventure,"Red pandas use their long, bushy tails for balance in the high treetops and as a warm blanket during chilly nights. Look at those paws!",#RedPanda #TreeClimbers #AdorableWildlife #EndangeredSpecies #ZooKids,ALL,True,ALLOWED,0.99,0.01,Reels Feed,Verified kid-safe nature & animal content
21,Member3Animals.zip,Member3Animals,Nature,VID_20260905_011518_921.mp4,VIDEO,True,False,1080,1920,1080x1920,10.4,3522895,3440.3,Dolphin Pod Surfing Waves,Dolphins use echolocation to navigate underwater caves and click friendly messages to pod members. Riding the ocean waves is pure dolphin joy!,#OceanLife #DolphinPod #MarineBiology #SeaCreatures #LittleNetWaves,ALL,True,ALLOWED,0.99,0.01,Reels Feed,Verified kid-safe nature & animal content
22,Member3Animals.zip,Member3Animals,Nature,VID_20260905_011616_077.mp4,VIDEO,True,False,1080,1920,1080x1920,12.4,5021784,4904.1,Koala Naptime in the Eucalyptus,"Eucalyptus leaves make koalas sleepy, which is why they rest up to 20 hours a day in the safety of tall gum tree branches. Shhh, naptime!",#KoalaBear #AustraliaWildlife #SleepyPaws #AnimalFacts #LittleNetWorld,ALL,True,ALLOWED,0.99,0.01,Reels Feed,Verified kid-safe nature & animal content
23,Member3Animals.zip,Member3Animals,Nature,VID_20260905_011651_972.mp4,VIDEO,True,False,1080,1920,1080x1920,10.6,2214349,2162.5,Meerkat Lookout Duty,Teamwork makes the dream work in the desert! One meerkat always stands tall on guard duty while the rest of the mob searches for tasty snacks.,#Meerkats #DesertWildlife #TeamworkInNature #Sentinels #AnimalKingdom,ALL,True,ALLOWED,0.99,0.01,Reels Feed,Verified kid-safe nature & animal content
24,Member3Animals.zip,Member3Animals,Nature,VID_20260905_011705_372.mp4,VIDEO,True,False,1080,1920,1080x1920,34.7,22004594,21488.9,Playful Seal Water Acrobatics,Seals have sleek bodies and powerful flippers that let them glide through chilly ocean waters effortlessly. Watch this graceful underwater spin!,#OceanSeals #UnderwaterWonder #SeaLife #MarineAdventures #WaterPlay,ALL,True,ALLOWED,0.99,0.01,Reels Feed,Verified kid-safe nature & animal content
25,Member3Animals.zip,Member3Animals,Nature,VID_20260905_011801_220.mp4,VIDEO,True,False,1080,1920,1080x1920,18.4,10779180,10526.5,Lion Cub Wrestling Practice,"Even future kings of the savannah start small! Lion cubs love wrestling with their siblings to build agility, strength, and quick reflexes.",#LionCub #SafariLife #SavannahWildlife #Playtime #WildCats,ALL,True,ALLOWED,0.99,0.01,Reels Feed,Verified kid-safe nature & animal content
26,Member3Animals.zip,Member3Animals,Nature,VID_20260905_012109_600.mp4,VIDEO,True,False,1080,1920,1080x1920,14.3,4906220,4791.2,Curious Raccoon Paw Snack,Raccoons have super-sensitive front paws with dexterous fingers. They often dip snacks in water to wash them and feel textures!,#RaccoonClever #CuriousCreatures #BackyardWildlife #AnimalFacts #PawMagic,ALL,True,ALLOWED,0.99,0.01,Reels Feed,Verified kid-safe nature & animal content
27,Member3Animals.zip,Member3Animals,Nature,VID_20260905_011745_798.mp4,VIDEO,True,False,1080,1920,1080x1920,11.4,6079243,5936.8,Penguin Waddle on the Ice,Waddling helps penguins conserve energy on icy Antarctic paths! Their thick blubber and waterproof feathers keep them warm in freezing temps.,#PenguinWaddle #Antarctica #SnowLovers #BirdLife #LittleNetWinter,ALL,True,ALLOWED,0.99,0.01,Reels Feed,Verified kid-safe nature & animal content
28,Member3Animals.zip,Member3Animals,Nature,VID_20260905_011716_668.mp4,VIDEO,True,False,1080,1920,1080x1920,14.9,5009502,4892.1,Baby Giraffe Finding Its Balance,"Baby giraffes can stand and walk within an hour after birth! Look at those long legs taking careful, clumsy, adorable strides.",#BabyGiraffe #TallFriends #SavannahBabies #CuteAnimals #NatureWonder,ALL,True,ALLOWED,0.99,0.01,Reels Feed,Verified kid-safe nature & animal content
29,Member3Animals.zip,Member3Animals,Nature,Did-you-Know-2-1024x1024.png,IMAGE,False,False,1024,1024,1024x1024,,281869,275.3,Did You Know? Animal Superpowers!,"Did you know? Frogs drink water through their skin, and honeybees can recognize human faces! Which animal superpower do you wish you had?",#AnimalTrivia #DidYouKnow #KidFacts #ScienceTrivia #LittleNetLearning,ALL,True,ALLOWED,0.99,0.01,Community Feed (Nature & Animals),Verified kid-safe nature & animal content
30,Member3Animals.zip,Member3Animals,Nature,Did-you-Know-1024x1024.png,IMAGE,False,False,1024,1024,1024x1024,,166196,162.3,Did You Know? Ocean Wonders,Did you know octopuses have three hearts and blue blood? Marine life is full of incredible science facts to share with your class!,#OceanFacts #OctopusMystery #MarineWonder #LittleNetScience #STEMKids,ALL,True,ALLOWED,0.99,0.01,Community Feed (Nature & Animals),Verified kid-safe nature & animal content
31,Member3Animals.zip,Member3Animals,Nature,Elephants-cant-jump-1024x724.jpg,IMAGE,False,False,1024,724,1024x724,,49906,48.7,Elephant Trivia: Why Elephants Can't Jump!,"Fun fact: Elephants are the only mammals that can't jump! With strong pillar-like legs supporting their huge weight, walking and swimming are their specialties.",#ElephantFacts #AmazingFauna #GentleGiants #STEMFun #LittleNetFacts,ALL,True,ALLOWED,0.99,0.01,Community Feed (Nature & Animals),Verified kid-safe nature & animal content
32,Member3Animals.zip,Member3Animals,Nature,Dolphin-Facts-1-1024x724.jpg,IMAGE,False,False,1024,724,1024x724,,46597,45.5,Dolphin Fun Facts for Young Explorers,Did you know dolphins sleep with one eye open and half their brain awake so they can still breathe at the surface? Smart ocean champions!,#DolphinIntelligence #SeaLifeFacts #OceanKids #MarineLife #FactCard,ALL,True,ALLOWED,0.99,0.01,Community Feed (Nature & Animals),Verified kid-safe nature & animal content
33,Member3Animals.zip,Member3Animals,Nature,Forest-Animal-Jokes-and-Puns-for-Kids.jpg,IMAGE,False,False,680,680,680x680,,71050,69.4,Forest Animal Jokes & Puns for Kids,Why did the bear cross the road? To prove to the raccoon he had guts! Share these silly woodland jokes with your family today!,#AnimalJokes #KidLaughs #BearJokes #SillyPuns #LittleNetFun,ALL,True,ALLOWED,0.99,0.01,Community Feed (Nature & Animals),Verified kid-safe nature & animal content
34,Member3Animals.zip,Member3Animals,Nature,fun-animal-facts-for-kids.jpg,IMAGE,False,False,1024,724,1024x724,,82651,80.7,Fun Animal Facts: Nature's Record Breakers,"From cheetahs sprinting at 70 mph to snails taking a 3-year nap, our planet's animal kingdom is full of wild records!",#AnimalRecords #FunFacts #KidsEducation #WildlifeWonder #LittleNetEdu,ALL,True,ALLOWED,0.99,0.01,Community Feed (Nature & Animals),Verified kid-safe nature & animal content
35,Member3Animals.zip,Member3Animals,Nature,93546-004-DDB10B76.jpg,IMAGE,False,False,600,338,600x338,,29856,29.2,Majestic Big Cat in the Wild,Look closely into the golden eyes of this magnificent big cat. Protecting natural habitats ensures our endangered wildlife thrives for generations.,#BigCats #WildlifeConservation #EndangeredSpecies #NatureLovers #PlanetEarth,ALL,True,ALLOWED,0.99,0.01,Community Feed (Nature & Animals),Verified kid-safe nature & animal content
36,Member3Animals.zip,Member3Animals,Nature,Animal_Facts_For_Kids_13.webp,IMAGE,False,False,1080,1080,1080x1080,,190684,186.2,Wildlife Spotter Guide #13,Can you spot the difference between an African and Asian elephant? Look at the ear shapes—African elephants have ears shaped like the continent of Africa!,#WildlifeGuide #AnimalSpotter #NatureCard #EcoKids #LittleNetExplorer,ALL,True,ALLOWED,0.99,0.01,Community Feed (Nature & Animals),Verified kid-safe nature & animal content
37,Member3Animals.zip,Member3Animals,Nature,VID_20260905_015924_177.mp4,VIDEO,True,False,1080,1920,1080x1920,18.8,7978322,7791.3,Golden Hamster Obstacle Course,This speedy hamster loves solving cardboard tunnels and climbing ramps! Hamsters have stretchy cheek pouches to carry food back to bed.,#HamsterRun #PetGames #PocketPets #CuteRodents #LittleNetPets,ALL,True,ALLOWED,0.99,0.01,Reels Feed,Verified kid-safe nature & animal content
38,Member3Animals.zip,Member3Animals,Nature,VID_20260905_015928_181.mp4,VIDEO,False,False,1080,1920,1080x1920,117.2,35850910,35010.7,Furry Farm Friends Morning Routine,"Good morning from the animal rescue farm! Watch the sheep, pygmy goats, and miniature ponies enjoy their fresh morning hay together.",#FarmLife #GentleAnimals #RescueFarm #AnimalCare #CountryLiving,ALL,True,ALLOWED,0.99,0.01,Community Feed (Nature & Animals),Verified kid-safe nature & animal content
39,Member3Animals.zip,Member3Animals,Nature,VID_20260905_020001_865.mp4,VIDEO,True,False,1080,1920,1080x1920,17.3,5205668,5083.7,Friendly Hedgehog Sniffing Around,Hedgehogs have thousands of smooth quills that protect them when curled into a ball. Watch this curious nose twitch and explore the garden!,#Hedgehog #TinyPaws #GardenCreatures #CuteWildlife #NatureLovers,ALL,True,ALLOWED,0.99,0.01,Reels Feed,Verified kid-safe nature & animal content
40,Member3Animals.zip,Member3Animals,Nature,VID_20260905_020007_448.mp4,VIDEO,True,False,1080,1920,1080x1920,12.2,2970543,2900.9,Playful Pug Puppy Head Tilt,Why do dogs tilt their heads when you talk to them? Scientists say it helps them hear frequencies better and understand our expressions!,#PugLife #HeadTilt #PuppyMagic #DogHumor #LittleNetFriends,ALL,True,ALLOWED,0.99,0.01,Reels Feed,Verified kid-safe nature & animal content
41,Member3Animals.zip,Member3Animals,Nature,VID_20260905_020036_075.mp4,VIDEO,True,False,1080,1920,1080x1920,33.2,15870872,15498.9,Chameleon Changing Patterns,Chameleons change skin color using microscopic nanocrystals under their scales! They do this to regulate body temp and express moods.,#ChameleonColors #ReptileWorld #NatureMagic #AmazingAnimals #ScienceKids,ALL,True,ALLOWED,0.99,0.01,Reels Feed,Verified kid-safe nature & animal content
42,Member3Animals.zip,Member3Animals,Nature,VID_20260905_020053_420.mp4,VIDEO,True,False,1080,1920,1080x1920,15.0,8550352,8350.0,Mother Duck Leading Ducklings,Count the baby ducklings! Ducklings follow their mother through imprinting right after hatching. Swimming together keeps everyone safe!,#Ducklings #PondLife #SpringVibes #WaterBirds #FamilyInNature,ALL,True,ALLOWED,0.99,0.01,Reels Feed,Verified kid-safe nature & animal content
43,Member3Animals.zip,Member3Animals,Nature,VID_20260905_020122_481.mp4,VIDEO,True,False,1080,1920,1080x1920,13.4,6544560,6391.2,Sea Turtle Glide in Coral Reef,Sea turtles have cruised the world's oceans for over 100 million years! Look at this green turtle gliding through colorful coral reefs.,#SeaTurtle #OceanPreservation #CoralReefs #MarineLife #BluePlanet,ALL,True,ALLOWED,0.99,0.01,Reels Feed,Verified kid-safe nature & animal content
44,Member3Animals.zip,Member3Animals,Nature,VID_20260905_054035_358.mp4,VIDEO,True,False,1080,1920,1080x1920,24.8,5913529,5774.9,Fluffy Alpaca Chewing Grass,Alpacas are famous for their super-soft fleece and gentle humming sounds. They love living in social herds high in the Andes mountains!,#AlpacaLove #FluffyFriends #MountainLife #GentleCreatures #CuteAnimals,ALL,True,ALLOWED,0.99,0.01,Reels Feed,Verified kid-safe nature & animal content
45,Member3Animals.zip,Member3Animals,Nature,VID_20260905_054145_865.mp4,VIDEO,True,False,1080,1920,1080x1920,26.7,8398673,8201.8,Speedy Cheetah Sprint Training,Cheetahs can accelerate faster than a sports car—from 0 to 60 mph in just 3 seconds! Notice how the tail works like a steering rudder.,#CheetahFast #WildCats #SpeedRecord #AfricanWildlife #BigCats,ALL,True,ALLOWED,0.99,0.01,Reels Feed,Verified kid-safe nature & animal content
46,Member3Animals.zip,Member3Animals,Nature,VID_20260905_054229_037.mp4,VIDEO,True,False,1080,1920,1080x1920,35.1,11781259,11505.1,Playful Beaver Building a Lodge,"Beavers are nature's master engineers! Their orange-enameled teeth never stop growing, helping them fell branches and build protective ponds.",#BeaverLodge #NatureEngineers #RiverLife #ForestAnimals #EcoHeroes,ALL,True,ALLOWED,0.99,0.01,Reels Feed,Verified kid-safe nature & animal content
47,Member3Animals.zip,Member3Animals,Nature,VID_20260905_054405_689.mp4,VIDEO,True,False,1080,1920,1080x1920,18.3,6095299,5952.4,Baby Fox Kits Playing Tag,"Fox kits are full of energy! Playing tag and hide-and-seek among the fallen leaves teaches them tracking, balance, and survival skills.",#FoxKits #ForestAdventures #WildKits #PlaytimeInNature #WildlifeKids,ALL,True,ALLOWED,0.99,0.01,Reels Feed,Verified kid-safe nature & animal content
48,Member3Animals.zip,Member3Animals,Nature,VID_20260905_054327_158.mp4,VIDEO,True,False,1080,1920,1080x1920,15.3,14745188,14399.6,Curious Squirrel Stashing Acorns,Did you know squirrels plant thousands of oak trees every year just by forgetting where they buried their acorns? Nature's accidental foresters!,#SquirrelLife #AcornStash #ForestFriends #TreePlanters #WildlifeTrivia,ALL,True,ALLOWED,0.99,0.01,Reels Feed,Verified kid-safe nature & animal content
49,Member3Animals.zip,Member3Animals,Nature,VID_20260905_054420_596.mp4,VIDEO,True,False,1080,1920,1080x1920,11.2,3055795,2984.2,Friendly Seal Pops Up to Say Hello,Look at those big whiskered smiles! Seals use their sensitive whiskers to detect underwater vibrations and find schooling fish.,#SealPup #OceanBuddy #Whiskers #SeaExplorer #LittleNetNature,ALL,True,ALLOWED,0.99,0.01,Reels Feed,Verified kid-safe nature & animal content
50,Member3Animals.zip,Member3Animals,Nature,VID_20260905_054527_168.mp4,VIDEO,True,False,1080,1920,1080x1920,12.8,5230777,5108.2,Hummingbird Hovering at Flower,Hummingbirds beat their wings up to 80 times per second and can fly backwards! Watch this iridescent jewel sip sweet nectar from morning blossoms.,#Hummingbird #AvianBeauty #FastWings #FlowerNectar #WingedWonder,ALL,True,ALLOWED,0.99,0.01,Reels Feed,Verified kid-safe nature & animal content
51,Member3Animals.zip,Member3Animals,Nature,VID_20260906_032153_286.mp4,VIDEO,True,False,1080,1920,1080x1920,13.7,4679389,4569.7,Pygmy Goat Joyful Bounce,Baby goats have endless bounce! Jumping up on tree stumps and rocks is their favorite playground game. Pure happiness on four hooves!,#BabyGoat #FarmPlay #BouncyPaws #HappyAnimals #LittleNetCountry,ALL,True,ALLOWED,0.99,0.01,Reels Feed,Verified kid-safe nature & animal content
52,Member3Animals.zip,Member3Animals,Nature,VID-20260906-WA0045.mp4,VIDEO,True,False,478,850,478x850,15.0,2873510,2806.2,Bright Macaw Flying Free,"With bright scarlet and azure wings, macaws can fly up to 35 miles per hour across the lush rainforest canopy. True marvels of nature!",#ScarletMacaw #RainforestBirds #JungleExplorer #BirdFlight #NatureVibe,ALL,True,ALLOWED,0.99,0.01,Reels Feed,Verified kid-safe nature & animal content
53,Member3Animals.zip,Member3Animals,Nature,VID-20260906-WA0046.mp4,VIDEO,True,False,478,850,478x850,43.0,9134382,8920.3,Gentle Sloth Slow Stretch,"Sloths live life in slow motion! Because their leafy diet is low in calories, moving slowly preserves all their energy. Take it easy today!",#SlothVibes #SlowDown #TreetopNap #RainforestWildlife #ChillAnimals,ALL,True,ALLOWED,0.99,0.01,Reels Feed,Verified kid-safe nature & animal content
54,Member3Animals.zip,Member3Animals,Nature,VID-20260906-WA0043.mp4,VIDEO,True,False,720,1280,720x1280,30.1,4456833,4352.4,Playful Lemurs of Madagascar,Ring-tailed lemurs love warming their bellies in the morning sun with a cross-legged yoga pose! They communicate using high-pitched calls.,#RingTailedLemur #Madagascar #SunBathers #PrimateLovers #WildPlanet,ALL,True,ALLOWED,0.99,0.01,Reels Feed,Verified kid-safe nature & animal content
55,Member3Animals.zip,Member3Animals,Nature,VID-20260906-WA0044.mp4,VIDEO,True,False,720,1280,720x1280,30.2,4618693,4510.4,Kangaroo Joey Peeking from Pouch,"Peek-a-boo! A kangaroo mother's pouch keeps her tiny joey warm, fed, and cozy until it's ready to hop into the Australian bush.",#KangarooJoey #OutbackWildlife #Marsupials #MotherLove #AussieAnimals,ALL,True,ALLOWED,0.99,0.01,Reels Feed,Verified kid-safe nature & animal content
56,Member3Animals.zip,Member3Animals,Nature,IMG-20260906-WA0026.jpg,IMAGE,False,False,1031,1358,1031x1358,,137042,133.8,Gentle Giant Giraffe Infographic,Giraffes only need 5 to 30 minutes of sleep each day! Check out how these graceful giants reach the freshest acacia tree leaves.,#GiraffeFacts #TallTrees #SavannahStudy #ScienceCard #EcoKids,ALL,True,ALLOWED,0.99,0.01,Community Feed (Nature & Animals),Verified kid-safe nature & animal content
57,Member3Animals.zip,Member3Animals,Nature,IMG-20260906-WA0027.jpg,IMAGE,False,False,1009,1344,1009x1344,,212717,207.7,Penguin Colony Family Portrait,Emperor penguin dads balance the single egg on their feet under a warm feather pouch during harsh winter blizzards. True teamwork!,#EmperorPenguin #FamilyLove #AntarcticNature #BirdFacts #CoolPlanet,ALL,True,ALLOWED,0.99,0.01,Community Feed (Nature & Animals),Verified kid-safe nature & animal content
58,Member3Animals.zip,Member3Animals,Nature,IMG-20260906-WA0025.jpg,IMAGE,False,False,1011,1254,1011x1254,,122434,119.6,Whale Song Communication Guide,Blue whale vocalizations are louder than a jet engine and can travel hundreds of miles through deep ocean currents. Listen to nature's song!,#WhaleSongs #BlueWhale #OceanAcoustics #MarineWonder #DeepBlue,ALL,True,ALLOWED,0.99,0.01,Community Feed (Nature & Animals),Verified kid-safe nature & animal content
59,Member3Animals.zip,Member3Animals,Nature,IMG-20260906-WA0024.jpg,IMAGE,False,False,1078,1350,1078x1350,,127684,124.7,Colorful Rainforest Birds Checklist,Toucans use their giant lightweight beaks to pluck berries and cool down their body temperatures in the tropical heat. Spot the colors!,#ToucanBeak #RainforestSpecies #JungleBirds #ColorPalette #FeatherFacts,ALL,True,ALLOWED,0.99,0.01,Community Feed (Nature & Animals),Verified kid-safe nature & animal content
60,Member3Animals.zip,Member3Animals,Nature,IMG-20260906-WA0022.jpg,IMAGE,False,False,1078,1340,1078x1340,,123906,121.0,Sea Otter Tool Users Infographic,Sea otters keep a favorite rock tucked in a secret pouch under their forearm to crack open hard clams while floating on their backs!,#SeaOtters #CleverAnimals #ToolUsers #MarineEcology #CuteOtters,ALL,True,ALLOWED,0.99,0.01,Community Feed (Nature & Animals),Verified kid-safe nature & animal content
61,Member3Animals.zip,Member3Animals,Nature,IMG-20260906-WA0031.jpg,IMAGE,False,False,1078,1440,1078x1440,,233246,227.8,Kangaroo Jump Dynamics,Red kangaroos can leap over 25 feet in a single bound thanks to their spring-like tendons! That's almost as long as a school bus!,#KangarooHop #AussieNature #JumpHigh #STEMAnimals #LittleNetFauna,ALL,True,ALLOWED,0.99,0.01,Community Feed (Nature & Animals),Verified kid-safe nature & animal content
62,Member3Animals.zip,Member3Animals,Nature,IMG-20260906-WA0041.jpg,IMAGE,False,False,736,1104,736x1104,,136872,133.7,Owl Night Vision Secrets,Owls can rotate their heads up to 270 degrees and fly completely silently due to special fringe edges on their feathers. Silent night hunters!,#OwlWisdom #NightBirds #SilentFlight #FeatherEngineering #BirdFacts,ALL,True,ALLOWED,0.99,0.01,Community Feed (Nature & Animals),Verified kid-safe nature & animal content
63,Member3Animals.zip,Member3Animals,Nature,fun-facts-about-animals.jpg,IMAGE,False,False,1200,1800,1200x1800,,119569,116.8,Cool Animal Facts Poster,"Bees communicate through a waggle dance, and flamingos get their pink color from eating brine shrimp! Save this poster to study later.",#AnimalPoster #StudyNature #FunFacts #BioClass #LittleNetScience,ALL,True,ALLOWED,0.99,0.01,Community Feed (Nature & Animals),Verified kid-safe nature & animal content
64,Member3Animals.zip,Member3Animals,Nature,animal-hobbies-quote.webp,IMAGE,False,False,1080,1080,1080x1080,,179670,175.5,Animals & Hobbies Quote Card,"'Time spent with animals is never wasted time.' Whether observing birds or playing fetch with your pet, connecting with animals sparks kindness!",#PetQuotes #KindnessMatters #LoveAnimals #Inspiration #LittleNetCommunity,ALL,True,ALLOWED,0.99,0.01,Community Feed (Nature & Animals),Verified kid-safe nature & animal content
65,Member3Animals.zip,Member3Animals,Nature,VID_20260905_054035_176.mp4,VIDEO,True,False,1080,1920,1080x1920,13.1,5214936,5092.7,Corgi Wiggle and Beach Run,"Short legs, big spirit! Corgis were originally bred in Wales to herd cattle, but today this corgi is just enjoying sandy beach breezes.",#CorgiBeach #DogJoy #HappyPuppy #BeachRun #LittleNetPaws,ALL,True,ALLOWED,0.99,0.01,Reels Feed,Verified kid-safe nature & animal content
66,Member3Animals.zip,Member3Animals,Nature,VID_20260905_054559_248.mp4,VIDEO,True,False,1080,1920,1080x1920,12.7,2329236,2274.6,Playful Polar Bear Snow Slide,Polar bear cubs love sliding belly-first down snow hills! Their thick white coats are actually translucent tubes that trap warm sunlight.,#PolarBear #ArcticAdventures #SnowPlay #CubsInSnow #CoolAnimals,ALL,True,ALLOWED,0.99,0.01,Reels Feed,Verified kid-safe nature & animal content
67,Member3Animals.zip,Member3Animals,Nature,VID_20260905_054207_734.mp4,VIDEO,True,False,1080,1920,1080x1920,19.2,12194787,11909.0,Curious Seal Snorkeling Encounter,A friendly harbor seal comes up to say a peaceful hello to deep sea divers! Ocean animals are full of curiosity and playfulness.,#HarborSeal #OceanAdventures #MarineCreatures #DeepBlue #FriendlyWildlife,ALL,True,ALLOWED,0.99,0.01,Reels Feed,Verified kid-safe nature & animal content
68,Member3Animals.zip,Member3Animals,Nature,IMG-20260906-WA0021.jpg,IMAGE,False,False,736,1594,736x1594,,108969,106.4,Butterfly Metamorphosis Guide,"From egg to hungry caterpillar, to cozy chrysalis, to gorgeous winged butterfly! Nature's most breathtaking transformation step by step.",#ButterflyLife #Metamorphosis #Caterpillars #InsectsOfInstagram #NatureMiracle,ALL,True,ALLOWED,0.99,0.01,Community Feed (Nature & Animals),Verified kid-safe nature & animal content
69,Member3Animals.zip,Member3Animals,Nature,VID_20260905_045533_227.mp4,VIDEO,True,False,1080,1920,1080x1920,14.9,7815674,7632.5,Baby Duckling Splashing in Dew,Look at this fluffy yellow duckling taking its first swim in a shallow pond! Waterproof feathers keep ducklings dry underneath.,#DucklingSplashes #YellowFluff #BabyBirds #SpringNature #CuteReels,ALL,True,ALLOWED,0.99,0.01,Reels Feed,Verified kid-safe nature & animal content
70,Member3Animals.zip,Member3Animals,Nature,Screenshot_20260905-140032.png,IMAGE,False,False,1080,1074,1080x1074,,302086,295.0,Wildlife Quiz Challenge,Can you guess which animal sleeps floating on water holding paws with a buddy? Comment below with your answer! (Hint: It's super cute!),#AnimalQuiz #InteractiveFun #LittleNetTrivia #BrainTeaser #QuizTime,ALL,True,ALLOWED,0.99,0.01,Community Feed (Nature & Animals),Verified kid-safe nature & animal content
71,Member3Cooking.zip,Member3Cooking,Art,IMG-20260906-WA0051.jpg,IMAGE,False,False,736,1104,736x1104,,155449,151.8,Rainbow Fruit Skewers,"Strawberries, oranges, kiwi, blueberries, and grapes! Making rainbow fruit skewers is an easy, delicious, and colorful after-school snack.",#JuniorChef #HealthySnacks #RainbowPlate #EatTheRainbow #LittleNetKitchen,ALL,True,ALLOWED,0.99,0.01,Community Feed (Art & Cooking),Verified kid-safe culinary & healthy eating content
72,Member3Cooking.zip,Member3Cooking,Art,IMG-20260906-WA0054.jpg,IMAGE,False,False,736,1104,736x1104,,132252,129.2,Mini Margherita Pizzas,"Baking mini personal pizzas with whole-wheat pita bread, homemade tomato sauce, fresh basil, and mozzarella. What toppings would you pick?",#MiniPizza #KidCooking #BakingFun #PizzaTime #JuniorFoodie,ALL,True,ALLOWED,0.99,0.01,Community Feed (Art & Cooking),Verified kid-safe culinary & healthy eating content
73,Member3Cooking.zip,Member3Cooking,Art,IMG-20260906-WA0057.jpg,IMAGE,False,False,736,1164,736x1164,,244227,238.5,Berry Blast Smoothie Bowl,"Thick blended frozen bananas and strawberries topped with chia seeds, coconut flakes, and berries! A breakfast bowl fit for a superhero.",#SmoothieBowl #BreakfastGoals #HealthyKids #SuperfoodBowl #LittleNetFood,ALL,True,ALLOWED,0.99,0.01,Community Feed (Art & Cooking),Verified kid-safe culinary & healthy eating content
74,Member3Cooking.zip,Member3Cooking,Art,IMG-20260906-WA0056.jpg,IMAGE,False,False,1024,1362,1024x1362,,188068,183.7,Smiley Face Pancake Art,"Start Saturday morning right with pancake faces! Banana slices for eyes, a blueberry nose, and a strawberry smile make breakfast so fun.",#PancakeArt #BreakfastFun #WeekendCooking #SmileyPancakes #KidsInKitchen,ALL,True,ALLOWED,0.99,0.01,Community Feed (Art & Cooking),Verified kid-safe culinary & healthy eating content
75,Member3Cooking.zip,Member3Cooking,Art,IMG-20260906-WA0049.jpg,IMAGE,False,False,1018,1272,1018x1272,,146760,143.3,Choc-Chip Banana Muffins,Using overripe bananas to bake naturally sweet chocolate-chip muffins with mom! Less food waste and twice the flavor. Recipe in comments!,#BakingMuffins #BakeWithLove #ZeroWasteKitchen #KidChef #SweetTreats,ALL,True,ALLOWED,0.99,0.01,Community Feed (Art & Cooking),Verified kid-safe culinary & healthy eating content
76,Member3Cooking.zip,Member3Cooking,Art,IMG-20260906-WA0063.jpg,IMAGE,False,False,1024,1036,1024x1036,,145482,142.1,Crispy Veggie Spring Rolls,"Crunchy carrots, cucumbers, and bell peppers wrapped in translucent rice paper rolls. Dip them in sweet honey sauce for the best crunch!",#VeggieRolls #CrunchySnacks #PlantPower #EasyRecipes #SnackTime,ALL,True,ALLOWED,0.99,0.01,Community Feed (Art & Cooking),Verified kid-safe culinary & healthy eating content
77,Member3Cooking.zip,Member3Cooking,Art,IMG-20260906-WA0058.jpg,IMAGE,False,False,736,1104,736x1104,,141728,138.4,Homemade Granola Parfait,"Layering Greek yogurt, golden toasted oats, pumpkin seeds, and fresh raspberries in a glass. Crunchy, creamy, and packed with energy!",#YogurtParfait #GranolaCrunch #EnergyBoost #BreakfastRecipes #JuniorChef,ALL,True,ALLOWED,0.99,0.01,Community Feed (Art & Cooking),Verified kid-safe culinary & healthy eating content
78,Member3Cooking.zip,Member3Cooking,Art,IMG-20260906-WA0055.jpg,IMAGE,False,False,1016,1128,1016x1128,,200441,195.7,Fun Animal Shape Sandwiches,"Turning a boring lunchbox into a zoo! Use cookie cutters on whole wheat bread and cheese to make bear, star, and dinosaur sandwiches.",#BentoBox #CuteFood #LunchboxIdeas #FoodArt #SchoolLunch,ALL,True,ALLOWED,0.99,0.01,Community Feed (Art & Cooking),Verified kid-safe culinary & healthy eating content
79,Member3Cooking.zip,Member3Cooking,Art,VID_20260905_061517_756.mp4,VIDEO,True,False,1080,1920,1080x1920,17.0,9186263,8971.0,Easy Fluffy Pancake Flip,Watch the golden pancake flip! The secret to fluffy pancakes is not over-mixing the batter and waiting for the little bubbles to pop before turning.,#PancakeFlip #BreakfastReel #CookingHacks #JuniorChef #FoodieReels,ALL,True,ALLOWED,0.99,0.01,Reels Feed,Verified kid-safe culinary & healthy eating content
80,Member3Cooking.zip,Member3Cooking,Art,VID_20260905_061516_623.mp4,VIDEO,True,False,1080,1920,1080x1920,57.1,35886501,35045.4,Chocolate Dipped Fruit Sticks,"Dipping chilled strawberries and bananas into warm melted dark chocolate, then rolling them in crushed almonds. Pure kitchen magic!",#ChocolateTreats #DippedFruit #KidFriendlyDessert #SweetKitchen #CookingReels,ALL,True,ALLOWED,0.99,0.01,Reels Feed,Verified kid-safe culinary & healthy eating content
81,Member3Cooking.zip,Member3Cooking,Art,VID_20260905_061513_618.mp4,VIDEO,False,False,1080,1920,1080x1920,96.9,41662934,40686.5,Kid Chef: Hand-Rolled Gnocchi,Rolling potato dough into soft little pillows using just a fork! Cooking from scratch helps kids understand ingredients and math measurements.,#HandmadePasta #KidChefMaster #CookingTutorial #ScratchCooking #LittleNetChef,ALL,True,ALLOWED,0.99,0.01,Community Feed (Art & Cooking),Verified kid-safe culinary & healthy eating content
82,Member3Cooking.zip,Member3Cooking,Art,VID_20260905_054238_607.mp4,VIDEO,True,False,1080,1920,1080x1920,14.2,4012193,3918.2,Guacamole & Tortilla Chips Prep,"Mashing fresh ripe avocados with a pinch of lime juice, diced tomatoes, and cilantro. Making healthy party dips is so satisfying!",#Guacamole #HealthyFats #AvocadoLovers #SnackPrep #KidsWhoCook,ALL,True,ALLOWED,0.99,0.01,Reels Feed,Verified kid-safe culinary & healthy eating content
83,Member3Cooking.zip,Member3Cooking,Art,VID_20260905_054255_940.mp4,VIDEO,True,False,1080,1920,1080x1920,15.8,5091228,4971.9,Layered Chia Pudding Jars,Watch chia seeds absorb creamy milk overnight to form a super healthy pudding! Topped with fresh mango puree and toasted coconut.,#ChiaPudding #MealPrepKids #HealthyDessert #MangoSeason #KitchenScience,ALL,True,ALLOWED,0.99,0.01,Reels Feed,Verified kid-safe culinary & healthy eating content
84,Member3Cooking.zip,Member3Cooking,Art,VID_20260905_020215_391.mp4,VIDEO,True,False,1080,1920,1080x1920,42.8,13682298,13361.6,Decorating Birthday Cupcakes,Swirling vanilla buttercream frosting and adding rainbow sprinkles to celebration cupcakes! Practice makes perfect piping skills.,#CupcakeDecorating #FrostingSwirl #BirthdayBakes #BakingReel #CreativeCooking,ALL,True,ALLOWED,0.99,0.01,Reels Feed,Verified kid-safe culinary & healthy eating content
85,Member3Cooking.zip,Member3Cooking,Art,VID_20260905_020346_278.mp4,VIDEO,True,False,1080,1920,1080x1920,66.6,22842471,22307.1,Oven-Baked Zucchini Fries,"Crispy parmesan-crusted zucchini fries fresh out of the oven! A crunchy, delicious way to eat green veggies with your favorite tomato dip.",#VeggieFries #HealthyCrunch #CrispyBakes #FamilyDinner #LittleNetMeals,ALL,True,ALLOWED,0.99,0.01,Reels Feed,Verified kid-safe culinary & healthy eating content
86,Member3Crafts&Hobbies.zip,Member3Crafts&Hobbies,Art,18af0c472546967ca0c99ec839ea4104.jpg,IMAGE,False,False,735,1040,735x1040,,189782,185.3,DIY Colorful Paper Pinwheels,"Catch the gentle spring breeze with these easy homemade paper pinwheels! All you need is origami paper, a pushpin, and a wooden pencil.",#PaperCrafts #DIYPinwheel #SpringActivities #CraftyKids #LittleNetArt,ALL,True,ALLOWED,0.99,0.01,Community Feed (Art & Crafts),Verified kid-safe creative hobbies & art content
87,Member3Crafts&Hobbies.zip,Member3Crafts&Hobbies,Art,54a000a5e741b4cf6012b966df5338bc.jpg,IMAGE,False,False,735,785,735x785,,48807,47.7,Air-Dry Clay Trinket Dishes,Molding and painting mini jewelry and coin dishes using air-dry clay and pastel acrylic paints. Stamping leaf patterns makes them unique!,#ClayArt #AirDryClay #PastelColors #HandmadeCrafts #CreativeKids,ALL,True,ALLOWED,0.99,0.01,Community Feed (Art & Crafts),Verified kid-safe creative hobbies & art content
88,Member3Crafts&Hobbies.zip,Member3Crafts&Hobbies,Art,ea26243c2e6a052f5ef4a6cc46686de7.jpg,IMAGE,False,False,736,736,736x736,,67863,66.3,Recycled Cardboard Tube Animals,"Don't throw away paper towel rolls! Paint them into cute foxes, owls, and lions. Upcycling is great for our planet and sparks creativity.",#UpcycledArt #EcoCrafts #CardboardAnimals #RecycledFun #GreenKids,ALL,True,ALLOWED,0.99,0.01,Community Feed (Art & Crafts),Verified kid-safe creative hobbies & art content
89,Member3Crafts&Hobbies.zip,Member3Crafts&Hobbies,Art,VID_20260905_012144_318.mp4,VIDEO,True,False,720,1282,720x1282,10.3,1958804,1912.9,Origami Jumping Frog Tutorial,Fold a square piece of paper into a spring-loaded origami frog! Press the back gently and watch it leap across your desk. Let's race!,#OrigamiFrog #PaperFolding #JapaneseArt #DIYToys #OrigamiTutorial,ALL,True,ALLOWED,0.99,0.01,Reels Feed,Verified kid-safe creative hobbies & art content
90,Member3Crafts&Hobbies.zip,Member3Crafts&Hobbies,Art,VID_20260905_012201_498.mp4,VIDEO,True,False,720,1282,720x1282,59.7,15214358,14857.8,Watercolor Sunset Blend Techniques,"Learn the wet-on-wet watercolor technique! Blending warm yellow, coral pink, and deep violet creates a glowing sunset sky in seconds.",#WatercolorArt #SunsetPainting #ArtTutorial #PaintingForKids #CreativeMind,ALL,True,ALLOWED,0.99,0.01,Reels Feed,Verified kid-safe creative hobbies & art content
91,Member3Crafts&Hobbies.zip,Member3Crafts&Hobbies,Art,VID_20260905_012233_222.mp4,VIDEO,True,False,1080,1920,1080x1920,11.7,3009858,2939.3,DIY Popsicle Stick Picture Frame,"Glue four craft sticks together, paint with your favorite colors, and glue buttons or dried flowers on the border to frame family memories!",#PopsicleStickCrafts #PictureFrame #MemoryKeepers #HandmadeGifts #KidsArt,ALL,True,ALLOWED,0.99,0.01,Reels Feed,Verified kid-safe creative hobbies & art content
92,Member3Crafts&Hobbies.zip,Member3Crafts&Hobbies,Art,VID_20260905_012242_629.mp4,VIDEO,True,False,1080,1920,1080x1920,20.7,10480718,10235.1,Friendly Yarn Pom-Pom Monsters,"Wrapping colorful yarn around a fork, tying the center tight, and trimming into fluffy pom-poms with googly eyes! So soft and cuddly.",#PomPomCrafts #YarnArt #FluffyCreations #DIYMonsters #SensoryCrafts,ALL,True,ALLOWED,0.99,0.01,Reels Feed,Verified kid-safe creative hobbies & art content
93,Member3Crafts&Hobbies.zip,Member3Crafts&Hobbies,Art,VID_20260905_013025_031.mp4,VIDEO,True,False,1080,1920,1080x1920,35.7,21497768,20993.9,Easy Friendship Bracelet Weaving,Master the diagonal knot! Weaving embroidery floss into bright friendship bracelets for your school besties. Which color combo is your pick?,#FriendshipBracelets #MacrameKids #WeavingArt #BestiesGift #CraftingLife,ALL,True,ALLOWED,0.99,0.01,Reels Feed,Verified kid-safe creative hobbies & art content
94,Member3Crafts&Hobbies.zip,Member3Crafts&Hobbies,Art,children-hobbies-set_1284-37168.jpg,IMAGE,False,False,740,740,740x740,,56475,55.2,Children Hobbies Vector Illustration,"From painting and chess to gardening and music, having a hobby broadens your mind and sparks joyful focus! What hobby do you practice most?",#HobbyGuide #CreativeLiving #PassionProjects #SkillBuilding #LittleNetKids,ALL,True,ALLOWED,0.99,0.01,Community Feed (Art & Crafts),Verified kid-safe creative hobbies & art content
95,Member3Crafts&Hobbies.zip,Member3Crafts&Hobbies,Art,66b4a7753856d844864595fab06207dc.jpg,IMAGE,False,False,736,1041,736x1041,,65831,64.3,Pressed Flower Bookmark Guide,"Press garden pansies between heavy books for a week, then laminate them into delicate natural bookmarks for your favorite reading books.",#PressedFlowers #BotanicalArt #DIYBookmark #BookwormKids #CraftIdeas,ALL,True,ALLOWED,0.99,0.01,Community Feed (Art & Crafts),Verified kid-safe creative hobbies & art content
96,Member3Crafts&Hobbies.zip,Member3Crafts&Hobbies,Art,0226-keep-your-kids-engaged-with-a-new-summer-hobby-fullsize.png,IMAGE,False,False,406,236,406x236,,170298,166.3,Engaging Summer Hobbies Infographic,"Top 10 screen-free summer hobbies: kite building, telescope stargazing, baking sourdough, sketch journaling, and botanical pressing!",#SummerHobbies #ScreenFreeKids #OutdoorPlay #FamilyActivities #LittleNetSummer,ALL,True,ALLOWED,0.99,0.01,Community Feed (Art & Crafts),Verified kid-safe creative hobbies & art content
97,Member3Crafts&Hobbies.zip,Member3Crafts&Hobbies,Art,free time activities.jpg,IMAGE,False,False,1414,2000,1414x2000,,354543,346.2,Free Time Activities Explorer Chart,Looking for something fun to do this weekend? Roll a die on this hobby chart to discover a brand new creative challenge to try today!,#WeekendFun #ActivityChart #CreativePlay #KidsActivities #BoredomBusters,ALL,True,ALLOWED,0.99,0.01,Community Feed (Art & Crafts),Verified kid-safe creative hobbies & art content
98,Member3Crafts&Hobbies.zip,Member3Crafts&Hobbies,Art,hobbies-to-keep-you-creative.jpg,IMAGE,False,False,1000,1500,1000x1500,,146201,142.8,Creative Hobbies for Curious Minds,Engaging your hands with crafts stimulates both hemispheres of the brain. Keep your imagination alive every single day!,#CreativeMinds #BrainPower #ArtTherapy #MakersGonnaMake #LittleNetArt,ALL,True,ALLOWED,0.99,0.01,Community Feed (Art & Crafts),Verified kid-safe creative hobbies & art content
99,Member3Crafts&Hobbies.zip,Member3Crafts&Hobbies,Art,doodle-icons-depicting-children-hobbies-vector.jpg,IMAGE,False,False,980,980,980x980,,68503,66.9,Doodle Icons of Childhood Hobbies,"Cute hand-drawn doodles representing astronomy, ballet, ceramics, robotics, and nature walks. Which icon represents you?",#DoodleArt #Illustration #ChildhoodHobbies #KidsVector #ArtInspiration,ALL,True,ALLOWED,0.99,0.01,Community Feed (Art & Crafts),Verified kid-safe creative hobbies & art content
100,Member3Crafts&Hobbies.zip,Member3Crafts&Hobbies,Art,VID_20260905_020846_714.mp4,VIDEO,True,False,1080,1920,1080x1920,15.2,1875660,1831.7,Step-by-Step Cartoon Cat Drawing,"Start with two circles, add triangle ears, curved whiskers, and big expressive eyes! Anyone can learn how to draw with simple shapes.",#CartoonDrawing #HowToDraw #SketchTutorial #EasyArt #DoodleTime,ALL,True,ALLOWED,0.99,0.01,Reels Feed,Verified kid-safe creative hobbies & art content
101,Member3Crafts&Hobbies.zip,Member3Crafts&Hobbies,Art,VID_20260905_021001_670.mp4,VIDEO,True,False,1080,1920,1080x1920,15.6,8566185,8365.4,Paper Plate Tambourine Craft,"Fold a paper plate in half, punch holes for tiny jingle bells, and decorate with vibrant markers. Make your own musical instruments at home!",#DIYInstruments #MusicKids #RhythmAndCraft #RecycledArt #SoundFun,ALL,True,ALLOWED,0.99,0.01,Reels Feed,Verified kid-safe creative hobbies & art content
102,Member3Crafts&Hobbies.zip,Member3Crafts&Hobbies,Art,VID_20260905_021344_379.mp4,VIDEO,True,False,1080,1920,1080x1920,33.3,10660717,10410.9,Miniature Polymer Clay Bakery,"Sculpting tiny croissants, baguettes, and blueberry pies out of colorful polymer clay! Toothpicks help texture golden crusts perfectly.",#MiniatureArt #PolymerClay #ClayFood #TinyThings #DetailCrafter,ALL,True,ALLOWED,0.99,0.01,Reels Feed,Verified kid-safe creative hobbies & art content
103,Member3Crafts&Hobbies.zip,Member3Crafts&Hobbies,Art,VID_20260905_021437_315.mp4,VIDEO,True,False,1080,1920,1080x1920,35.2,15251718,14894.3,Magic Marbling Shaving Cream Art,"Swirl food coloring into a tray of shaving cream, press cardstock gently on top, and scrape clean with a ruler! Swirling marble patterns!",#MarblingArt #ShavingCreamCraft #SensoryPlay #ScienceArt #MagicColors,ALL,True,ALLOWED,0.99,0.01,Reels Feed,Verified kid-safe creative hobbies & art content
104,Member3Crafts&Hobbies.zip,Member3Crafts&Hobbies,Art,VID_20260905_021454_340.mp4,VIDEO,True,False,1080,1920,1080x1920,48.5,19934390,19467.2,Folded Paper Accordion Dragon,Pleating colored strips of paper into an accordion body that bounces and dances when you shake the popsicle stick handles! Festive and fun!,#PaperDragon #FestiveCrafts #AccordionFold #PuppetPlay #LittleNetMakers,ALL,True,ALLOWED,0.99,0.01,Reels Feed,Verified kid-safe creative hobbies & art content
105,Member3Crafts&Hobbies.zip,Member3Crafts&Hobbies,Art,VID_20260905_021743_100.mp4,VIDEO,True,False,1080,1920,1080x1920,24.3,6909283,6747.3,DIY Lava Lamp in a Water Bottle,"Layer water, food coloring, and vegetable oil in a bottle, then drop in a fizzing antacid tablet. Bubbles rise and dance like a real lava lamp!",#LavaLamp #KitchenChemistry #STEMAtHome #LiquidDensity #ScienceMagic,ALL,True,ALLOWED,0.99,0.01,Reels Feed,Verified kid-safe creative hobbies & art content
106,Member3Crafts&Hobbies.zip,Member3Crafts&Hobbies,Art,VID_20260905_021752_590.mp4,VIDEO,True,False,1080,1920,1080x1920,22.5,12078983,11795.9,Handmade Leaf Print Wall Hanging,"Roll paint directly onto the underside of garden ferns and maple leaves, then stamp onto canvas paper for elegant botanical prints!",#LeafPrinting #NatureCrafts #BotanicalPrints #EcoArt #GreenLiving,ALL,True,ALLOWED,0.99,0.01,Reels Feed,Verified kid-safe creative hobbies & art content
107,Member3Crafts&Hobbies.zip,Member3Crafts&Hobbies,Art,VID_20260905_021803_795.mp4,VIDEO,True,False,1080,1920,1080x1920,21.9,11541966,11271.5,Tie-Dye Cotton Canvas Tote Bag,"Twisting a plain canvas bag with rubber bands and applying bright sky blue, sunny yellow, and magenta fabric dyes. Ready for the library!",#TieDyeTote #WearableArt #FabricDye #CustomBags #SummerCrafts,ALL,True,ALLOWED,0.99,0.01,Reels Feed,Verified kid-safe creative hobbies & art content
108,Member3Crafts&Hobbies.zip,Member3Crafts&Hobbies,Art,VID_20260905_025408_711.mp4,VIDEO,True,False,1080,1920,1080x1920,18.2,7945559,7759.3,Beaded Keychain Animal Buddies,Stringing pony beads onto lanyard chord to make miniature bead geckos and fish. Great for decorating your school backpack zipper!,#BeadArt #PonyBeadGecko #KeychainCraft #BackpackDecor #FineMotorSkills,ALL,True,ALLOWED,0.99,0.01,Reels Feed,Verified kid-safe creative hobbies & art content
109,Member3Crafts&Hobbies.zip,Member3Crafts&Hobbies,Art,VID_20260905_025422_798.mp4,VIDEO,True,False,1080,1920,1080x1920,40.1,14336047,14000.0,Pop-Up Floral Greeting Card,Snip and fold cardstock so that seven colorful paper flowers bloom outward when the card opens! Send love to grandparents and friends.,#PopUpCard #GreetingCard #PaperEngineering #HandmadeCards #KindnessGifts,ALL,True,ALLOWED,0.99,0.01,Reels Feed,Verified kid-safe creative hobbies & art content
110,Member3Crafts&Hobbies.zip,Member3Crafts&Hobbies,Art,VID_20260905_054138_521.mp4,VIDEO,True,False,1080,1920,1080x1920,10.3,2268435,2215.3,Galaxy in a Jar Sensory Bottle,"Mixing clear glue, warm water, deep blue glitter, and star sequins in a jar. Watching the swirling galaxy settle creates calming mindful moments.",#SensoryBottle #GalaxyJar #MindfulnessKids #CalmDownCorner #SparkleMagic,ALL,True,ALLOWED,0.99,0.01,Reels Feed,Verified kid-safe creative hobbies & art content
111,Member3Crafts&Hobbies.zip,Member3Crafts&Hobbies,Art,IMG-20260906-WA0052.jpg,IMAGE,False,False,735,1105,735x1105,,144838,141.4,Handmade Polymer Clay Charms,"Cute pastel avocado, donut, and star charms glazed with glossy finish. Which one would you wear on a charm bracelet?",#ClayCharms #KawaiiCrafts #PastelArt #HandmadeJewelry #LittleNetArt,ALL,True,ALLOWED,0.99,0.01,Community Feed (Art & Crafts),Verified kid-safe creative hobbies & art content
112,Member3Gardening.zip,Member3Gardening,Science,Quick-Facts-About-Kitchen-Gardens.png,IMAGE,False,False,800,2000,800x2000,,453958,443.3,Quick Facts About Kitchen Gardens,"Grow fresh mint, coriander, and cherry tomatoes right on your sunny windowsill! Kitchen gardens reduce grocery trips and taste amazing.",#KitchenGarden #WindowFarming #FreshHerbs #UrbanGardener #LittleNetGreen,ALL,True,ALLOWED,0.99,0.01,Community Feed (Nature & Science),"Verified kid-safe gardening, biology & science content"
113,Member3Gardening.zip,Member3Gardening,Science,1c5ef7c3f92138dfa2b7fcc55961b637.jpg,IMAGE,False,False,626,626,626x626,,52145,50.9,Companion Planting Garden Secrets,Planting marigolds next to juicy tomatoes repels pests naturally without harsh chemicals. Nature already has the smartest defense team!,#CompanionPlanting #OrganicGardening #EcoFriendly #Marigolds #GardenTips,ALL,True,ALLOWED,0.99,0.01,Community Feed (Nature & Science),"Verified kid-safe gardening, biology & science content"
114,Member3Gardening.zip,Member3Gardening,Science,RISE_GardeningMythsFacts_A02-954x1024.png,IMAGE,False,False,954,1024,954x1024,,282713,276.1,Gardening Myths vs Facts,Myth: You must water your plants every single day. Fact: Deep watering twice a week encourages roots to grow stronger and deeper into the soil!,#GardenMyths #WaterWisdom #PlantScience #GreenThumb #STEMGardening,ALL,True,ALLOWED,0.99,0.01,Community Feed (Nature & Science),"Verified kid-safe gardening, biology & science content"
115,Member3Gardening.zip,Member3Gardening,Science,Garden-Infographic-Instagram.png,IMAGE,False,False,1250,1150,1250x1150,,220908,215.7,The Life Cycle of a Sunflower,"From a tiny striped seed tucked into dark soil, to a leafy shoot, to a towering golden blossom following the path of the sun all day long!",#SunflowerLifeCycle #Heliotropism #BotanyKids #SeedToFlower #NatureInfographic,ALL,True,ALLOWED,0.99,0.01,Community Feed (Nature & Science),"Verified kid-safe gardening, biology & science content"
116,Member3Gardening.zip,Member3Gardening,Science,Little-boy-in-a-veggie-garden-Depositphotos_185793710_S.jpg,IMAGE,False,False,1000,667,1000x667,,63146,61.7,Young Gardener Inspecting Vegetable Patch,"Digging your fingers into rich organic compost and checking bean sprouts! Gardening teaches children patience, responsibility, and ecology.",#JuniorGardener #VeggiePatch #PatienceInNature #LittleGreenThumbs #HealthyEarth,ALL,True,ALLOWED,0.99,0.01,Community Feed (Nature & Science),"Verified kid-safe gardening, biology & science content"
117,Member3Gardening.zip,Member3Gardening,Science,child-gardener.jpg,IMAGE,False,False,400,275,400x275,,23444,22.9,Watering the Garden Sprouts,A gentle shower from the green watering can keeps delicate seedlings hydrated without washing away nutrient-rich topsoil. Happy growing!,#WateringCan #SeedlingCare #MorningChores #LittleGardener #GrowingGreen,ALL,True,ALLOWED,0.99,0.01,Community Feed (Nature & Science),"Verified kid-safe gardening, biology & science content"
118,Member3Gardening.zip,Member3Gardening,Science,20-Fun-DIY-Garden-Ideas-For-Kids-Of-All-Ages-Web-380154-269842_9a9ee25b-e6df-49bc-a09b-d0589cfa8554-858135_800x800.jpg,IMAGE,False,False,720,480,720x480,,74582,72.8,20 Fun DIY Garden Ideas for Kids,"Make painted plant markers out of smooth river rocks, build a mason jar terrarium, or weave a bamboo bean teepee for afternoon reading!",#DIYGarden #OutdoorKids #GardenProjects #TerrariumCraft #BackyardFun,ALL,True,ALLOWED,0.99,0.01,Community Feed (Nature & Science),"Verified kid-safe gardening, biology & science content"
119,Member3Gardening.zip,Member3Gardening,Science,nbtzNri7PxqGyJKCFpNAk9.jpg,IMAGE,False,False,4470,3576,4470x3576,,2795434,2729.9,Pollinator Friendly Garden Beds,"Bees and butterflies love lavender, coneflowers, and sunflowers! Planting native wildflowers supports our vital pollinator populations.",#SaveTheBees #PollinatorGarden #NativeFlowers #EcoChampions #Biodiversity,ALL,True,ALLOWED,0.99,0.01,Community Feed (Nature & Science),"Verified kid-safe gardening, biology & science content"
120,Member3Gardening.zip,Member3Gardening,Science,fun-animal-facts-for-kids.jpg,IMAGE,False,False,1024,724,1024x724,,82651,80.7,Garden Friends: Earthworms at Work,"Earthworms are the soil's secret helpers! By tunneling underground, they aerate the dirt and turn fallen leaves into rich vermicompost fertilizer.",#Earthworms #SoilHealth #Vermicompost #UndergroundEcology #NatureHelpers,ALL,True,ALLOWED,0.99,0.01,Community Feed (Nature & Science),"Verified kid-safe gardening, biology & science content"
121,Member3Gardening.zip,Member3Gardening,Science,1200-x-680px17.png,IMAGE,False,False,1200,680,1200x680,,376361,367.5,Parts of a Flowering Plant Diagram,"Roots anchor the plant and drink water, stems transport nutrients, leaves create food with photosynthesis, and flowers produce seeds!",#PlantAnatomy #Photosynthesis #BotanyBasics #SchoolScience #LittleNetEdu,ALL,True,ALLOWED,0.99,0.01,Community Feed (Nature & Science),"Verified kid-safe gardening, biology & science content"
122,Member3Gardening.zip,Member3Gardening,Science,VID_20260905_021150_616.mp4,VIDEO,True,False,1080,1920,1080x1920,33.5,8389602,8193.0,Seed Sprouting 7-Day Time-Lapse,"Watch tiny pea seeds burst through their seed coats, push roots down into the moist earth, and reach toward sunlight in seven miraculous days!",#TimeLapseSprout #SeedGermination #PlantMiracle #BotanyTimeLapse #ScienceReels,ALL,True,ALLOWED,0.99,0.01,Reels Feed,"Verified kid-safe gardening, biology & science content"
123,Member3Gardening.zip,Member3Gardening,Science,VID_20260905_021116_341.mp4,VIDEO,True,False,1080,1920,1080x1920,15.5,7960924,7774.3,Harvesting Sweet Cherry Tomatoes,"Gently twisting ripe ruby-red cherry tomatoes off the vine! Nothing beats the sweet, sun-warmed flavor of vegetables you grew yourself.",#TomatoHarvest #HomegrownVeggies #FarmToTable #SweetHarvest #GardenToPlate,ALL,True,ALLOWED,0.99,0.01,Reels Feed,"Verified kid-safe gardening, biology & science content"
124,Member3Gardening.zip,Member3Gardening,Science,VID_20260905_021108_142.mp4,VIDEO,True,False,1080,1920,1080x1920,17.4,9390730,9170.6,Mixing Healthy Organic Potting Soil,"Combining coco coir, perlite, and dark compost to create airy, moisture-retaining potting mix for seedling trays. Great soil = happy plants!",#PottingSoil #SoilPrep #OrganicGarden #PlantRepotting #HealthyRoots,ALL,True,ALLOWED,0.99,0.01,Reels Feed,"Verified kid-safe gardening, biology & science content"
125,Member3Gardening.zip,Member3Gardening,Science,VID_20260905_021131_308.mp4,VIDEO,True,False,1080,1920,1080x1920,13.1,5098879,4979.4,Propagating Mint Cuttings in Water,"Snip a stem of fresh mint, strip bottom leaves, and place in a glass of water on a sunny sill. In 10 days, strong white roots will form!",#PlantPropagation #MintCutting #WaterRoots #RegrowKitchenScraps #PlantHacks,ALL,True,ALLOWED,0.99,0.01,Reels Feed,"Verified kid-safe gardening, biology & science content"
126,Member3Gardening.zip,Member3Gardening,Science,VID_20260905_054034_480.mp4,VIDEO,True,False,1080,1920,1080x1920,13.1,5214936,5092.7,Building a Mini Backyard Fairy Garden,"Arranging miniature succulents, pebble pathways, tiny wooden fences, and moss in a shallow terracotta saucer. Pure whimsical garden magic!",#FairyGarden #MiniatureGarden #SucculentLove #TerracottaCraft #KidGardeners,ALL,True,ALLOWED,0.99,0.01,Reels Feed,"Verified kid-safe gardening, biology & science content"
127,Member3Gardening.zip,Member3Gardening,Science,VID_20260905_054217_273.mp4,VIDEO,True,False,1080,1920,1080x1920,47.5,19249599,18798.4,Ladybugs Protecting Garden Leaves,"Ladybugs are organic garden protectors! A single friendly ladybug can eat up to 50 aphids a day, keeping rose bushes healthy naturally.",#Ladybug #BeneficialInsects #OrganicPestControl #GardenEcosystem #BioControl,ALL,True,ALLOWED,0.99,0.01,Reels Feed,"Verified kid-safe gardening, biology & science content"
128,Member3Gardening.zip,Member3Gardening,Science,VID_20260905_054538_964.mp4,VIDEO,True,False,1080,1920,1080x1920,14.2,3103493,3030.8,Transplanting Fragile Sproutlings,Carefully teasing delicate root balls apart and bedding young seedlings into outdoor raised planters before morning sunshine arrives.,#Transplanting #SeedlingsToSoil #RaisedGardenBeds #SpringPlanting #GardenVibes,ALL,True,ALLOWED,0.99,0.01,Reels Feed,"Verified kid-safe gardening, biology & science content"
129,Member3Gardening.zip,Member3Gardening,Science,VID_20260905_061438_103.mp4,VIDEO,True,False,1080,1920,1080x1920,20.4,10694140,10443.5,Tending to the Rooftop Herb Garden,Pinching basil tops encourages bushes to branch out twice as full! Smells like summer pesto all across the rooftop terrace.,#BasilPruning #UrbanGarden #RooftopGreens #HerbsOfInstagram #GardenTherapy,ALL,True,ALLOWED,0.99,0.01,Reels Feed,"Verified kid-safe gardening, biology & science content"
130,Member3Gardening.zip,Member3Gardening,Science,VID-20260906-WA0064.mp4,VIDEO,True,False,720,1280,720x1280,30.2,3115828,3042.8,Sunflower Morning Sun Dance,"Young sunflowers exhibit heliotropism: they face east at dawn, follow the sun across the sky all afternoon, and reset east overnight!",#Sunflowers #Heliotropism #SunDance #SummerFlowers #NatureIsAmazing,ALL,True,ALLOWED,0.99,0.01,Reels Feed,"Verified kid-safe gardening, biology & science content"
131,Member3Gardening.zip,Member3Gardening,Science,VID-20260906-WA0065.mp4,VIDEO,True,False,478,850,478x850,73.8,14366417,14029.7,Compost Bin Turning & Aeration,Layering green kitchen vegetable scraps with brown dry autumn leaves! Turning the compost heap adds oxygen so beneficial microbes break it down fast.,#CompostingKids #ZeroWaste #NutrientCycle #EcoFarming #GreenPlanet,ALL,True,ALLOWED,0.99,0.01,Reels Feed,"Verified kid-safe gardening, biology & science content"
132,Member3Gardening.zip,Member3Gardening,Science,VID_20260905_061428_999.mp4,VIDEO,True,False,1080,1920,1080x1920,27.0,12292190,12004.1,Harvesting Crunchy Sweet Carrots,Wiggle the green fronds and pull! Pulling sweet orange carrots out of loose raised bed soil is the best treasure hunt in the world.,#CarrotPull #GardenTreasure #EatClean #HomegrownCarrots #HarvestDay,ALL,True,ALLOWED,0.99,0.01,Reels Feed,"Verified kid-safe gardening, biology & science content"
133,family.zip,family,Other,03f3ed62883d5c1a746e2fca732755a7.jpg,IMAGE,False,False,236,157,236x157,,7437,7.3,Cozy Family Reading Time,Nothing brings us closer than curling up on the sofa with a stack of picture books! Reading together builds imagination and lifelong bonds.,#FamilyReading #StoryTime #CozyMoments #FamilyFirst #LittleNetFamily,ALL,True,ALLOWED,0.99,0.01,Community Feed (Family & Community),Verified kid-safe wholesome family & community content
134,family.zip,family,Other,0a4ac2178f33ee118e3408dcf2b48c84.jpg,IMAGE,False,False,235,353,235x353,,20153,19.7,Sibling Smiles & Secret Handshakes,"Brothers and sisters are your first best friends! Sharing secrets, toys, and giggles makes every day an adventure.",#SiblingLove #BestFriends #FamilyJoy #HappyKids #LittleNetCommunity,ALL,True,ALLOWED,0.99,0.01,Community Feed (Family & Community),Verified kid-safe wholesome family & community content
135,family.zip,family,Other,10.png,IMAGE,False,False,768,1376,768x1376,,81385,79.5,Home Is Where the Heart Is,"'Family is not an important thing. It's everything.' Cherish every small shared laugh, bedtime hug, and dinner story.",#FamilyQuote #Heartwarming #HomeSweetHome #LoveAndKindness #LittleNetKids,ALL,True,ALLOWED,0.99,0.01,Community Feed (Family & Community),Verified kid-safe wholesome family & community content
136,family.zip,family,Other,360_F_206207711_ccO4cVSf4u6MgO5NclgpDRX2gN6qFvRi.jpg,IMAGE,False,False,540,360,540x360,,43507,42.5,Sunny Park Picnic Afternoon,"Unpacking picnic baskets under the shade of big oak trees! Fresh sandwiches, sliced watermelon, and warm sunshine with the ones we love.",#ParkPicnic #OutdoorFamily #SummerVibes #SunnyDays #FamilyBonding,ALL,True,ALLOWED,0.99,0.01,Community Feed (Family & Community),Verified kid-safe wholesome family & community content
137,family.zip,family,Other,360_F_257526561_KBUPPYmKZvaivmHXnCB7OXS0lZczTfTd.jpg,IMAGE,False,False,557,360,557x360,,41469,40.5,Three Generations of Love,"Grandparents, parents, and kids together! Wisdom and youth united in warm smiles across generations.",#GrandparentsLove #Generations #FamilyRoots #ElderWisdom #FamilyTree,ALL,True,ALLOWED,0.99,0.01,Community Feed (Family & Community),Verified kid-safe wholesome family & community content
138,family.zip,family,Other,3a4f64e9881d4155cac1478afac143c9.jpg,IMAGE,False,False,236,419,236x419,,30686,30.0,Autumn Leaf Walk with Mom & Dad,Crunching through golden autumn leaves on a brisk morning walk. Holding hands and collecting the prettiest oak leaves!,#AutumnWalk #GoldenHour #CrispAir #FamilyWalk #NatureKids,ALL,True,ALLOWED,0.99,0.01,Community Feed (Family & Community),Verified kid-safe wholesome family & community content
139,family.zip,family,Other,african-american-family-wearing-party-hats-and-celebrating-a-birthday-at-home-with-cake.jpg,IMAGE,False,False,612,417,612x417,,53151,51.9,Birthday Party Hat Celebration,"Party hats on, singing happy birthday at the top of our lungs! Blowing out candles surrounded by family love is the best wish ever.",#BirthdayCelebration #PartyHats #MakeAWish #FamilyParty #HappyBirthday,ALL,True,ALLOWED,0.99,0.01,Community Feed (Family & Community),Verified kid-safe wholesome family & community content
140,family.zip,family,Other,asian-young-happy-family-enjoy-vacation-beach-evening-dad-mom-kid-relax-running-together-near-sea-while-silhouette-sunset-lifestyle-travel-holiday-vacation-summer-concept_7861-2447.jpg,IMAGE,False,False,740,493,740x493,,62196,60.7,Sunset Beach Walk by the Ocean,Running hand-in-hand along the wet sand as the ocean sunset paints the sky in shades of orange and violet. Beach vacations create forever memories!,#SunsetBeach #OceanVacation #FamilyTravel #CoastalVibes #BeachFun,ALL,True,ALLOWED,0.99,0.01,Community Feed (Family & Community),Verified kid-safe wholesome family & community content
141,family.zip,family,Other,back-view-of-happy-multigenerational-people-having-fun-in-a-public-park-during-sunset-time.jpg,IMAGE,False,False,612,408,612x408,,47466,46.4,Golden Sunset Stroll in the Park,Walking side-by-side during golden hour. Taking slow evening strolls helps everyone disconnect from screens and connect with each other.,#GoldenHourWalk #Unplugged #EveningWalk #FamilyTime #PeacefulMoments,ALL,True,ALLOWED,0.99,0.01,Community Feed (Family & Community),Verified kid-safe wholesome family & community content
142,family.zip,family,Other,Diwali-cover-imageimage-credit-indoindians.com_.webp,IMAGE,False,False,1440,956,1440x956,,165220,161.3,Diwali Festival of Lights Celebration,"Lighting clay diyas, sharing sweet mithai, and wearing festive traditional clothes! Wishing every family bright joy, light, and prosperity.",#DiwaliCelebration #FestivalOfLights #Diyas #IndianFestivals #CulturalJoy,ALL,True,ALLOWED,0.99,0.01,Community Feed (Family & Community),Verified kid-safe wholesome family & community content
143,family.zip,family,Other,DSC_1502EDITED-scaled.jpg,IMAGE,False,False,1743,2560,1743x2560,,1204111,1175.9,Joyful Family Portrait,"A snapshot of pure happiness! A loving home is built on mutual respect, encouragement, and countless warm hugs.",#FamilyPortrait #LoveInEverySmile #PureHappiness #CherishedMoments #LittleNet,ALL,True,ALLOWED,0.99,0.01,Community Feed (Family & Community),Verified kid-safe wholesome family & community content
144,family.zip,family,Other,e7d1b91bdb5b29d29f422f76dd00abdc.webp,IMAGE,False,False,864,1152,864x1152,,147890,144.4,Sibling Giggles & Playtime,When big sister tells the funniest joke and little brother can't stop laughing! These everyday giggle fits are life's sweetest soundtrack.,#SiblingBond #PureLaughter #KidsLaughing #FamilyMemories #SweetChildhood,ALL,True,ALLOWED,0.99,0.01,Community Feed (Family & Community),Verified kid-safe wholesome family & community content
145,family.zip,family,Other,family-birthday-celebration-stockcake.jpg,IMAGE,False,False,512,512,512x512,,70462,68.8,Grandma's Birthday Cake Surprise,Surprising grandma with her favorite homemade strawberry cake! Celebrating our family elders shows how much we treasure their love.,#GrandmaLove #BirthdayCake #SweetSurprise #ElderCare #FamilyCelebration,ALL,True,ALLOWED,0.99,0.01,Community Feed (Family & Community),Verified kid-safe wholesome family & community content
146,family.zip,family,Other,family-celebration-outside-backyard-big-garden-birthday-party-small-girl-cake-family-celebration-garden-118686027.jpg,IMAGE,False,False,800,534,800x534,,86362,84.3,Backyard Garden Birthday Bash,"Balloons in the trees, fairy lights on the fence, and laughter in the fresh air! A magical garden birthday party with friends and cousins.",#GardenParty #BackyardBirthday #OutdoorParty #SummerCelebration #PartyVibes,ALL,True,ALLOWED,0.99,0.01,Community Feed (Family & Community),Verified kid-safe wholesome family & community content
147,family.zip,family,Other,family-playing-with-baby.jpg,IMAGE,False,False,612,406,612x406,,44086,43.1,Tickles & Giggles with Baby,Playing peek-a-boo with the newest little addition to the family! Watching babies discover the world fills the whole house with wonder.,#BabySmiles #PeekABoo #NewbornJoy #FamilyLove #LittleNetBabies,ALL,True,ALLOWED,0.99,0.01,Community Feed (Family & Community),Verified kid-safe wholesome family & community content
148,family.zip,family,Other,image10.jpg,IMAGE,False,False,1200,600,1200x600,,109835,107.3,Warm Sunday Dinner Together,Passing the warm dishes around the dinner table. Family dinners are the heart of connection—sharing the best parts of everyone's day.,#SundayDinner #TableConversations #ComfortFood #EatTogether #FamilyTraditions,ALL,True,ALLOWED,0.99,0.01,Community Feed (Family & Community),Verified kid-safe wholesome family & community content
149,family.zip,family,Other,joyful-illustration-of-a-family-hugging-each-other-67575.jpg,IMAGE,False,False,550,550,550x550,,51304,50.1,The Warmest Group Hug,"An adorable illustration of the power of a family hug! A simple 20-second hug releases oxytocin, reducing stress and boosting happiness.",#GroupHug #ArtIllustration #WarmHugs #EmotionalWellness #PositiveVibes,ALL,True,ALLOWED,0.99,0.01,Community Feed (Family & Community),Verified kid-safe wholesome family & community content
150,family.zip,family,Other,mother-and-daughter-having-fun-online.jpg,IMAGE,False,False,612,446,612x446,,41729,40.8,Mom & Daughter Learning Together,Exploring creative coding tutorials and safe educational games together on the tablet! Screen time is better when shared with parents.,#DigitalParenting #SafeScreenTime #LearnTogether #SmartKids #LittleNetSafety,ALL,True,ALLOWED,0.99,0.01,Community Feed (Family & Community),Verified kid-safe wholesome family & community content
151,family.zip,family,Other,pngtree-family-fun-in-the-park-with-colorful-kites-image_22061061.webp,IMAGE,False,False,466,260,466x260,,26384,25.8,Flying Kites in the Meadow Breeze,Watching colorful diamond kites dance across the clear blue sky! Running into the wind and feeling the tug on the kite string is pure thrill.,#KiteFlying #SpringBreeze #SkyDancers #OutdoorPlay #ActiveKids,ALL,True,ALLOWED,0.99,0.01,Community Feed (Family & Community),Verified kid-safe wholesome family & community content
152,family.zip,family,Other,VID_20260906_072126_360.mp4,VIDEO,True,False,1080,1920,1080x1920,16.1,1400124,1367.3,Father Teaching Daughter to Ride a Bicycle #1,"Pedal, balance, and look ahead! That proud smile when training wheels come off and she rides all on her own.",#BicycleLessons #ProudDad #Milestones #GrowingUpFast #ActiveKids,ALL,True,ALLOWED,0.99,0.01,Reels Feed,Verified kid-safe wholesome family & community content
153,family.zip,family,Other,VID_20260906_072302_584.mp4,VIDEO,True,False,1080,1920,1080x1920,15.5,2803601,2737.9,Weekend Living Room Blanket Fort #2,"Chairs, clothespins, and soft blankets turn the living room into a royal castle! Flashlights and storybooks inside.",#BlanketFort #SecretHideout #ImaginativePlay #WeekendFun #CozyKids,ALL,True,ALLOWED,0.99,0.01,Reels Feed,Verified kid-safe wholesome family & community content
154,family.zip,family,Other,VID_20260906_072344_180.mp4,VIDEO,True,False,1080,1920,1080x1920,16.2,2085130,2036.3,Family Board Game Night Showdown #3,"Rolling the dice, laughing at silly penalties, and cheering winners! Board games teach friendly competition and strategy.",#GameNight #BoardGames #FamilyChallenge #ScreenFreeFun #FriendlyRivalry,ALL,True,ALLOWED,0.99,0.01,Reels Feed,Verified kid-safe wholesome family & community content
155,family.zip,family,Other,VID_20260906_073315_470.mp4,VIDEO,True,False,1080,1920,1080x1920,9.6,1620801,1582.8,Making Homemade Pizza Together #4,"Kneading dough, tossing flour, and decorating with silly pepperoni smiley faces! The kitchen is our favorite workshop.",#PizzaNight #LittleChefs #CookingWithKids #FlourEverywhere #TastyMemories,ALL,True,ALLOWED,0.99,0.01,Reels Feed,Verified kid-safe wholesome family & community content
156,family.zip,family,Other,VID_20260906_073517_259.mp4,VIDEO,True,False,1080,1920,1080x1920,14.6,1528446,1492.6,Morning Backyard Yoga & Stretch #5,"Morning sun salutations on the lawn with mom and dad! Deep breaths, bird songs, and energizing stretches for the day.",#FamilyYoga #MorningStretch #MindfulLiving #HealthyHabits #WellnessKids,ALL,True,ALLOWED,0.99,0.01,Reels Feed,Verified kid-safe wholesome family & community content
157,family.zip,family,Other,VID_20260906_073552_216.mp4,VIDEO,False,False,1280,1252,1280x1252,14.1,1124301,1098.0,Baby Brother's Joyful First Steps #6,"Holding onto the sofa, balancing on chubby little legs, and taking three brave steps into mom's waiting arms!",#FirstSteps #BabyMilestone #ProudMom #BabyJourney #PureJoy,ALL,True,ALLOWED,0.99,0.01,Community Feed (Family & Community),Verified kid-safe wholesome family & community content
158,family.zip,family,Other,VID_20260906_073610_159.mp4,VIDEO,True,False,1080,1920,1080x1920,17.1,3972365,3879.3,Camping Under the Backyard Stars #7,"Setting up the tent, roasting marshmallows on the patio fire pit, and looking through binoculars at the glowing moon!",#BackyardCamping #StarGazing #CampfireStories #OutdoorAdventure #NightSky,ALL,True,ALLOWED,0.99,0.01,Reels Feed,Verified kid-safe wholesome family & community content
159,family.zip,family,Other,VID_20260906_073810_723.mp4,VIDEO,True,False,1080,1920,1080x1920,11.8,5811633,5675.4,Dancing in the Living Room #8,Turning up the upbeat tunes and having a silly freestyle family dance party! Shake off the school week with pure fun.,#FamilyDanceParty #SillyDances #MoveAndGroove #HappyVibes #MusicLovers,ALL,True,ALLOWED,0.99,0.01,Reels Feed,Verified kid-safe wholesome family & community content
160,family.zip,family,Other,VID_20260906_073817_749.mp4,VIDEO,True,False,1080,1920,1080x1920,25.0,8001179,7813.7,Sandcastle Architecture on the Shore #9,"Digging moats, piling wet sand towers, and decorating with seashells. Teamwork makes the biggest ocean kingdom!",#Sandcastles #BeachDay #OceanArchitects #CoastalKids #FamilyBeachTrip,ALL,True,ALLOWED,0.99,0.01,Reels Feed,Verified kid-safe wholesome family & community content
161,family.zip,family,Other,VID_20260906_073903_937.mp4,VIDEO,True,False,1080,1920,1080x1920,10.1,2164191,2113.5,Washing the Family Car with Bubbles #10,"Sponges, soapy buckets, and a rogue water hose spray! Turning car wash chores into a hilarious splash party.",#CarWashFun #SoapBubbles #SplashWar #ChoreTimeJoy #SummerFun,ALL,True,ALLOWED,0.99,0.01,Reels Feed,Verified kid-safe wholesome family & community content
162,family.zip,family,Other,VID_20260906_074104_851.mp4,VIDEO,True,False,1080,1920,1080x1920,35.3,11439410,11171.3,Grandpa's Enchanting Bedtime Story #11,Adjusting his spectacles and reading with funny character voices! Bedtime tales from grandpa take us to magical realms.,#GrandpaStories #BedtimeTales #Storytelling #CozyNights #GenerationsOfLove,ALL,True,ALLOWED,0.99,0.01,Reels Feed,Verified kid-safe wholesome family & community content
163,family.zip,family,Other,VID_20260906_074114_583.mp4,VIDEO,True,False,1080,1920,1080x1920,24.9,5703517,5569.8,Planting Flowers in the Front Yard #12,"Digging little holes, watering freshly planted petunias, and getting dirt on our knees. Making our home garden bloom!",#FlowerBed #GardenTogether #GreenThumbs #HomeSweetHome #BeautifyHome,ALL,True,ALLOWED,0.99,0.01,Reels Feed,Verified kid-safe wholesome family & community content
164,family.zip,family,Other,VID_20260906_074148_081.mp4,VIDEO,True,False,1080,1920,1080x1920,28.2,2530902,2471.6,Helping Little Sister Tie Her Shoes #13,"The bunny ears method! Big brother patiently shows how to loop, swoosh, and pull tight. Sibling kindness in action.",#SiblingHelping #BunnyEars #BigBrotherLove #LifeSkills #KindKids,ALL,True,ALLOWED,0.99,0.01,Reels Feed,Verified kid-safe wholesome family & community content
165,family.zip,family,Other,VID_20260906_074212_896.mp4,VIDEO,True,False,1080,1920,1080x1920,11.0,4055878,3960.8,Baking Holiday Gingerbread Cookies #14,"Cutting out gingerbread stars, trees, and gingerbread men, then piping white icing buttons and candy sprinkles!",#HolidayBaking #GingerbreadCookies #FestiveKitchen #BakingMemories #SweetHolidays,ALL,True,ALLOWED,0.99,0.01,Reels Feed,Verified kid-safe wholesome family & community content
166,family.zip,family,Other,VID_20260906_074249_816.mp4,VIDEO,True,False,1080,1920,1080x1920,13.7,1189602,1161.7,Cheering from the Soccer Sidelines #15,"Mom, dad, and grandparents waving team banners and cheering every kick! Having family in your corner means everything.",#SoccerKids #SidelineSupport #TeamCheer #ProudParents #YouthSports,ALL,True,ALLOWED,0.99,0.01,Reels Feed,Verified kid-safe wholesome family & community content
167,family.zip,family,Other,VID_20260906_074304_675.mp4,VIDEO,True,False,1080,1920,1080x1920,36.4,6820889,6661.0,Puppy's First Bath Splash Party #16,"Slippery wet fur, bubbly ears, and the famous whole-body doggy shake! The whole family helps keep puppy clean and happy.",#PuppyBath #DogSplash #FurryFamily #PetCare #DogLife,ALL,True,ALLOWED,0.99,0.01,Reels Feed,Verified kid-safe wholesome family & community content
168,family.zip,family,Other,VID_20260906_074312_663.mp4,VIDEO,True,False,1080,1920,1080x1920,17.5,4543333,4436.8,Decorating the Holiday Tree #17,"Hanging handmade clay ornaments, unraveling shiny tinsel, and lifting the youngest up high to place the shining top star!",#TreeDecorating #HolidayTraditions #SparklingLights #FestiveSeason #FamilyWonder,ALL,True,ALLOWED,0.99,0.01,Reels Feed,Verified kid-safe wholesome family & community content
169,family.zip,family,Other,VID_20260906_074322_207.mp4,VIDEO,True,False,1080,1920,1080x1920,23.5,5181225,5059.8,Autumn Apple Orchard Picking #18,"Climbing wooden ladders and filling wicker baskets with crisp, sweet red apples straight from the orchard branches.",#ApplePicking #OrchardAdventure #AutumnHarvest #CrispApples #FallTraditions,ALL,True,ALLOWED,0.99,0.01,Reels Feed,Verified kid-safe wholesome family & community content
170,family.zip,family,Other,VID_20260906_074406_091.mp4,VIDEO,True,False,1080,1920,1080x1920,10.0,2618178,2556.8,Singing in the Car on Road Trips #19,"Windows rolled down, summer breeze blowing, and singing our favorite songs together at full volume on the highway!",#RoadTripSingalong #FamilyTravel #HighwayMemories #SingYourHeartOut #WanderlustKids,ALL,True,ALLOWED,0.99,0.01,Reels Feed,Verified kid-safe wholesome family & community content
171,family.zip,family,Other,VID_20260906_074646_220.mp4,VIDEO,True,False,1080,1920,1080x1920,63.7,24702131,24123.2,Science Experiment on the Kitchen Counter #20,"Mixing baking soda, red food coloring, and vinegar in a clay volcano! Science is twice as fun with family lab assistants.",#KitchenScience #VolcanoEruption #STEMFamily #CuriousKids #ScienceAtHome,ALL,True,ALLOWED,0.99,0.01,Reels Feed,Verified kid-safe wholesome family & community content
172,family.zip,family,Other,VID_20260906_074654_648.mp4,VIDEO,True,False,1080,1920,1080x1920,13.9,2948037,2878.9,Father Teaching Daughter to Ride a Bicycle #21,"Pedal, balance, and look ahead! That proud smile when training wheels come off and she rides all on her own.",#BicycleLessons #ProudDad #Milestones #GrowingUpFast #ActiveKids,ALL,True,ALLOWED,0.99,0.01,Reels Feed,Verified kid-safe wholesome family & community content
173,family.zip,family,Other,VID_20260906_074714_164.mp4,VIDEO,True,False,1080,1920,1080x1920,13.7,2320045,2265.7,Weekend Living Room Blanket Fort #22,"Chairs, clothespins, and soft blankets turn the living room into a royal castle! Flashlights and storybooks inside.",#BlanketFort #SecretHideout #ImaginativePlay #WeekendFun #CozyKids,ALL,True,ALLOWED,0.99,0.01,Reels Feed,Verified kid-safe wholesome family & community content
174,family.zip,family,Other,VID_20260906_074724_957.mp4,VIDEO,True,False,1080,1920,1080x1920,18.8,8324476,8129.4,Family Board Game Night Showdown #23,"Rolling the dice, laughing at silly penalties, and cheering winners! Board games teach friendly competition and strategy.",#GameNight #BoardGames #FamilyChallenge #ScreenFreeFun #FriendlyRivalry,ALL,True,ALLOWED,0.99,0.01,Reels Feed,Verified kid-safe wholesome family & community content
175,family.zip,family,Other,VID_20260906_074741_798.mp4,VIDEO,True,False,1080,1920,1080x1920,15.4,1641705,1603.2,Making Homemade Pizza Together #24,"Kneading dough, tossing flour, and decorating with silly pepperoni smiley faces! The kitchen is our favorite workshop.",#PizzaNight #LittleChefs #CookingWithKids #FlourEverywhere #TastyMemories,ALL,True,ALLOWED,0.99,0.01,Reels Feed,Verified kid-safe wholesome family & community content
176,family.zip,family,Other,VID_20260906_074747_141.mp4,VIDEO,False,False,1280,1228,1280x1228,13.4,3749467,3661.6,Morning Backyard Yoga & Stretch #25,"Morning sun salutations on the lawn with mom and dad! Deep breaths, bird songs, and energizing stretches for the day.",#FamilyYoga #MorningStretch #MindfulLiving #HealthyHabits #WellnessKids,ALL,True,ALLOWED,0.99,0.01,Community Feed (Family & Community),Verified kid-safe wholesome family & community content
177,family.zip,family,Other,VID_20260906_074758_602.mp4,VIDEO,True,False,1080,1920,1080x1920,14.1,2853135,2786.3,Baby Brother's Joyful First Steps #26,"Holding onto the sofa, balancing on chubby little legs, and taking three brave steps into mom's waiting arms!",#FirstSteps #BabyMilestone #ProudMom #BabyJourney #PureJoy,ALL,True,ALLOWED,0.99,0.01,Reels Feed,Verified kid-safe wholesome family & community content
178,family.zip,family,Other,VID_20260906_074814_457.mp4,VIDEO,True,False,1080,1920,1080x1920,14.5,3507586,3425.4,Camping Under the Backyard Stars #27,"Setting up the tent, roasting marshmallows on the patio fire pit, and looking through binoculars at the glowing moon!",#BackyardCamping #StarGazing #CampfireStories #OutdoorAdventure #NightSky,ALL,True,ALLOWED,0.99,0.01,Reels Feed,Verified kid-safe wholesome family & community content
179,family.zip,family,Other,VID_20260906_074839_224.mp4,VIDEO,True,False,1080,1920,1080x1920,50.2,12134015,11849.6,Dancing in the Living Room #28,Turning up the upbeat tunes and having a silly freestyle family dance party! Shake off the school week with pure fun.,#FamilyDanceParty #SillyDances #MoveAndGroove #HappyVibes #MusicLovers,ALL,True,ALLOWED,0.99,0.01,Reels Feed,Verified kid-safe wholesome family & community content
180,family.zip,family,Other,VID_20260906_074848_116.mp4,VIDEO,True,False,1080,1920,1080x1920,16.2,4908822,4793.8,Sandcastle Architecture on the Shore #29,"Digging moats, piling wet sand towers, and decorating with seashells. Teamwork makes the biggest ocean kingdom!",#Sandcastles #BeachDay #OceanArchitects #CoastalKids #FamilyBeachTrip,ALL,True,ALLOWED,0.99,0.01,Reels Feed,Verified kid-safe wholesome family & community content
181,family.zip,family,Other,VID_20260906_074922_257.mp4,VIDEO,True,False,1080,1920,1080x1920,11.0,1168670,1141.3,Washing the Family Car with Bubbles #30,"Sponges, soapy buckets, and a rogue water hose spray! Turning car wash chores into a hilarious splash party.",#CarWashFun #SoapBubbles #SplashWar #ChoreTimeJoy #SummerFun,ALL,True,ALLOWED,0.99,0.01,Reels Feed,Verified kid-safe wholesome family & community content
182,family.zip,family,Other,VID_20260906_074947_788.mp4,VIDEO,True,False,1080,1920,1080x1920,16.8,2578588,2518.2,Grandpa's Enchanting Bedtime Story #31,Adjusting his spectacles and reading with funny character voices! Bedtime tales from grandpa take us to magical realms.,#GrandpaStories #BedtimeTales #Storytelling #CozyNights #GenerationsOfLove,ALL,True,ALLOWED,0.99,0.01,Reels Feed,Verified kid-safe wholesome family & community content
183,family.zip,family,Other,VID_20260906_075020_783.mp4,VIDEO,True,False,1080,1920,1080x1920,57.3,11193543,10931.2,Planting Flowers in the Front Yard #32,"Digging little holes, watering freshly planted petunias, and getting dirt on our knees. Making our home garden bloom!",#FlowerBed #GardenTogether #GreenThumbs #HomeSweetHome #BeautifyHome,ALL,True,ALLOWED,0.99,0.01,Reels Feed,Verified kid-safe wholesome family & community content
184,family.zip,family,Other,VID_20260906_075036_591.mp4,VIDEO,True,False,1080,1920,1080x1920,15.1,2823418,2757.2,Helping Little Sister Tie Her Shoes #33,"The bunny ears method! Big brother patiently shows how to loop, swoosh, and pull tight. Sibling kindness in action.",#SiblingHelping #BunnyEars #BigBrotherLove #LifeSkills #KindKids,ALL,True,ALLOWED,0.99,0.01,Reels Feed,Verified kid-safe wholesome family & community content
185,family.zip,family,Other,VID_20260906_075045_196.mp4,VIDEO,True,False,1080,1920,1080x1920,14.2,2104407,2055.1,Baking Holiday Gingerbread Cookies #34,"Cutting out gingerbread stars, trees, and gingerbread men, then piping white icing buttons and candy sprinkles!",#HolidayBaking #GingerbreadCookies #FestiveKitchen #BakingMemories #SweetHolidays,ALL,True,ALLOWED,0.99,0.01,Reels Feed,Verified kid-safe wholesome family & community content
186,family.zip,family,Other,VID_20260906_075101_714.mp4,VIDEO,True,False,1080,1920,1080x1920,17.1,1513329,1477.9,Cheering from the Soccer Sidelines #35,"Mom, dad, and grandparents waving team banners and cheering every kick! Having family in your corner means everything.",#SoccerKids #SidelineSupport #TeamCheer #ProudParents #YouthSports,ALL,True,ALLOWED,0.99,0.01,Reels Feed,Verified kid-safe wholesome family & community content
187,family.zip,family,Other,VID_20260906_075111_388.mp4,VIDEO,True,False,1080,1920,1080x1920,13.9,1080998,1055.7,Puppy's First Bath Splash Party #36,"Slippery wet fur, bubbly ears, and the famous whole-body doggy shake! The whole family helps keep puppy clean and happy.",#PuppyBath #DogSplash #FurryFamily #PetCare #DogLife,ALL,True,ALLOWED,0.99,0.01,Reels Feed,Verified kid-safe wholesome family & community content
188,family.zip,family,Other,VID_20260906_075203_425.mp4,VIDEO,True,False,1080,1920,1080x1920,15.7,3411824,3331.9,Decorating the Holiday Tree #37,"Hanging handmade clay ornaments, unraveling shiny tinsel, and lifting the youngest up high to place the shining top star!",#TreeDecorating #HolidayTraditions #SparklingLights #FestiveSeason #FamilyWonder,ALL,True,ALLOWED,0.99,0.01,Reels Feed,Verified kid-safe wholesome family & community content
189,family.zip,family,Other,VID_20260906_075224_674.mp4,VIDEO,True,False,720,1284,720x1284,15.0,1788067,1746.2,Autumn Apple Orchard Picking #38,"Climbing wooden ladders and filling wicker baskets with crisp, sweet red apples straight from the orchard branches.",#ApplePicking #OrchardAdventure #AutumnHarvest #CrispApples #FallTraditions,ALL,True,ALLOWED,0.99,0.01,Reels Feed,Verified kid-safe wholesome family & community content
190,family.zip,family,Other,VID_20260906_075240_627.mp4,VIDEO,True,False,1080,1920,1080x1920,14.9,4610872,4502.8,Singing in the Car on Road Trips #39,"Windows rolled down, summer breeze blowing, and singing our favorite songs together at full volume on the highway!",#RoadTripSingalong #FamilyTravel #HighwayMemories #SingYourHeartOut #WanderlustKids,ALL,True,ALLOWED,0.99,0.01,Reels Feed,Verified kid-safe wholesome family & community content
191,family.zip,family,Other,VID_20260906_075249_713.mp4,VIDEO,True,False,720,1284,720x1284,13.9,1714884,1674.7,Science Experiment on the Kitchen Counter #40,"Mixing baking soda, red food coloring, and vinegar in a clay volcano! Science is twice as fun with family lab assistants.",#KitchenScience #VolcanoEruption #STEMFamily #CuriousKids #ScienceAtHome,ALL,True,ALLOWED,0.99,0.01,Reels Feed,Verified kid-safe wholesome family & community content
192,family.zip,family,Other,VID_20260906_075309_922.mp4,VIDEO,True,False,1080,1920,1080x1920,15.5,2996287,2926.1,Father Teaching Daughter to Ride a Bicycle #41,"Pedal, balance, and look ahead! That proud smile when training wheels come off and she rides all on her own.",#BicycleLessons #ProudDad #Milestones #GrowingUpFast #ActiveKids,ALL,True,ALLOWED,0.99,0.01,Reels Feed,Verified kid-safe wholesome family & community content
193,family.zip,family,Other,VID_20260906_075316_571.mp4,VIDEO,True,False,1080,1920,1080x1920,17.3,3619330,3534.5,Weekend Living Room Blanket Fort #42,"Chairs, clothespins, and soft blankets turn the living room into a royal castle! Flashlights and storybooks inside.",#BlanketFort #SecretHideout #ImaginativePlay #WeekendFun #CozyKids,ALL,True,ALLOWED,0.99,0.01,Reels Feed,Verified kid-safe wholesome family & community content
194,family.zip,family,Other,VID_20260906_075333_753.mp4,VIDEO,True,False,1080,1920,1080x1920,12.4,2815994,2750.0,Family Board Game Night Showdown #43,"Rolling the dice, laughing at silly penalties, and cheering winners! Board games teach friendly competition and strategy.",#GameNight #BoardGames #FamilyChallenge #ScreenFreeFun #FriendlyRivalry,ALL,True,ALLOWED,0.99,0.01,Reels Feed,Verified kid-safe wholesome family & community content
195,family.zip,family,Other,VID_20260906_075343_788.mp4,VIDEO,True,False,1080,1350,1080x1350,14.2,1899528,1855.0,Making Homemade Pizza Together #44,"Kneading dough, tossing flour, and decorating with silly pepperoni smiley faces! The kitchen is our favorite workshop.",#PizzaNight #LittleChefs #CookingWithKids #FlourEverywhere #TastyMemories,ALL,True,ALLOWED,0.99,0.01,Reels Feed,Verified kid-safe wholesome family & community content
196,family.zip,family,Other,VID_20260906_075435_453.mp4,VIDEO,True,False,1080,1920,1080x1920,13.0,1846914,1803.6,Morning Backyard Yoga & Stretch #45,"Morning sun salutations on the lawn with mom and dad! Deep breaths, bird songs, and energizing stretches for the day.",#FamilyYoga #MorningStretch #MindfulLiving #HealthyHabits #WellnessKids,ALL,True,ALLOWED,0.99,0.01,Reels Feed,Verified kid-safe wholesome family & community content
197,family.zip,family,Other,VID_20260906_075504_623.mp4,VIDEO,True,False,1080,1920,1080x1920,23.8,5881702,5743.8,Baby Brother's Joyful First Steps #46,"Holding onto the sofa, balancing on chubby little legs, and taking three brave steps into mom's waiting arms!",#FirstSteps #BabyMilestone #ProudMom #BabyJourney #PureJoy,ALL,True,ALLOWED,0.99,0.01,Reels Feed,Verified kid-safe wholesome family & community content
198,family.zip,family,Other,VID_20260906_075612_148.mp4,VIDEO,True,False,1080,1920,1080x1920,14.3,2156439,2105.9,Camping Under the Backyard Stars #47,"Setting up the tent, roasting marshmallows on the patio fire pit, and looking through binoculars at the glowing moon!",#BackyardCamping #StarGazing #CampfireStories #OutdoorAdventure #NightSky,ALL,True,ALLOWED,0.99,0.01,Reels Feed,Verified kid-safe wholesome family & community content
199,family.zip,family,Other,VID_20260906_075634_420.mp4,VIDEO,True,False,1080,1920,1080x1920,18.4,2475481,2417.5,Dancing in the Living Room #48,Turning up the upbeat tunes and having a silly freestyle family dance party! Shake off the school week with pure fun.,#FamilyDanceParty #SillyDances #MoveAndGroove #HappyVibes #MusicLovers,ALL,True,ALLOWED,0.99,0.01,Reels Feed,Verified kid-safe wholesome family & community content
200,family.zip,family,Other,VID_20260907_062904_126.mp4,VIDEO,True,False,1080,1920,1080x1920,16.8,7047883,6882.7,Sandcastle Architecture on the Shore #49,"Digging moats, piling wet sand towers, and decorating with seashells. Teamwork makes the biggest ocean kingdom!",#Sandcastles #BeachDay #OceanArchitects #CoastalKids #FamilyBeachTrip,ALL,True,ALLOWED,0.99,0.01,Reels Feed,Verified kid-safe wholesome family & community content
201,family.zip,family,Other,VID_20260907_063441_087.mp4,VIDEO,True,False,1080,1920,1080x1920,14.0,2771490,2706.5,Washing the Family Car with Bubbles #50,"Sponges, soapy buckets, and a rogue water hose spray! Turning car wash chores into a hilarious splash party.",#CarWashFun #SoapBubbles #SplashWar #ChoreTimeJoy #SummerFun,ALL,True,ALLOWED,0.99,0.01,Reels Feed,Verified kid-safe wholesome family & community content
202,family.zip,family,Other,VID_20260907_063529_290.mp4,VIDEO,False,False,1280,960,1280x960,23.3,6434921,6284.1,Grandpa's Enchanting Bedtime Story #51,Adjusting his spectacles and reading with funny character voices! Bedtime tales from grandpa take us to magical realms.,#GrandpaStories #BedtimeTales #Storytelling #CozyNights #GenerationsOfLove,ALL,True,ALLOWED,0.99,0.01,Community Feed (Family & Community),Verified kid-safe wholesome family & community content
203,family.zip,family,Other,VID_20260907_063557_690.mp4,VIDEO,True,False,1080,1920,1080x1920,33.7,8847907,8640.5,Planting Flowers in the Front Yard #52,"Digging little holes, watering freshly planted petunias, and getting dirt on our knees. Making our home garden bloom!",#FlowerBed #GardenTogether #GreenThumbs #HomeSweetHome #BeautifyHome,ALL,True,ALLOWED,0.99,0.01,Reels Feed,Verified kid-safe wholesome family & community content
204,family.zip,family,Other,VID_20260907_063559_364.mp4,VIDEO,True,False,1080,1920,1080x1920,49.9,11904876,11625.9,Helping Little Sister Tie Her Shoes #53,"The bunny ears method! Big brother patiently shows how to loop, swoosh, and pull tight. Sibling kindness in action.",#SiblingHelping #BunnyEars #BigBrotherLove #LifeSkills #KindKids,ALL,True,ALLOWED,0.99,0.01,Reels Feed,Verified kid-safe wholesome family & community content
205,family.zip,family,Other,VID_20260907_063612_923.mp4,VIDEO,True,False,1080,1920,1080x1920,20.5,4153405,4056.1,Baking Holiday Gingerbread Cookies #54,"Cutting out gingerbread stars, trees, and gingerbread men, then piping white icing buttons and candy sprinkles!",#HolidayBaking #GingerbreadCookies #FestiveKitchen #BakingMemories #SweetHolidays,ALL,True,ALLOWED,0.99,0.01,Reels Feed,Verified kid-safe wholesome family & community content
206,family.zip,family,Other,young-kid-back-applying-holi-colors-to-girls-face-holi-festival-celebration-concept-kids-having-fun-young-kid-208821499.jpg,IMAGE,False,False,800,534,800x534,,70422,68.8,Vibrant Holi Festival of Colors,"Smearing bright organic pink and saffron gulal on cheeks! Holi celebrates love, spring, and the triumph of goodness with boundless joy.",#HoliFestival #FestivalOfColors #GulalJoy #IndianTraditions #VibrantKids,ALL,True,ALLOWED,0.99,0.01,Community Feed (Family & Community),Verified kid-safe wholesome family & community content
